ID;Nazwa;Rzeka;Szerokośćgeograficzna;Długośćgeograficzna;Wysokośćnpm;lat_dec;lon_dec
249170080;Dzierżkowice;Opawa (112);49 59 32;17 50 47;270.0;49.992222222222225;17.84638888888889
249180010;Pszczyna;Pszczynka (2116);49 59 44;18 55 09;270.0;49.995555555555555;18.91916666666667
249180020;Warszowice;Pszczynka (2116);49 59 31;18 42 20;270.0;49.99194444444444;18.705555555555556
249180030;Chałupki;Odra (1);49 55 33;18 19 39;198.0;49.92583333333333;18.3275
249180070;Mazańcowice;Wapienica (21128);49 51 45;18 58 10;269.0;49.862500000000004;18.96944444444444
249180090;Rudzica;Iłownica (2112);49 51 12;18 52 57;337.0;49.85333333333333;18.8825
249180130;Cieszyn;Olza (114);49 45 15;18 38 54;295.0;49.75416666666667;18.648333333333333
249180150;Wapienica;Wapienica (21128);49 46 25;18 58 24;456.0;49.77361111111111;18.973333333333333
249180160;BRENNA;Brennica (21114);49 45 13;18 52 15;350.0;49.75361111111111;18.870833333333334
249180170;Błatnia;Brennica (21114);49 44 49;18 56 33;882.0;49.746944444444445;18.9425
249180180;Równica, wieś;Wisła (2);49 43 11;18 51 09;768.0;49.719722222222224;18.852500000000003
249180210;SZCZYRK;Soła (2132);49 42 11;18 59 41;600.0;49.70305555555556;18.994722222222222
249180220;CZANTORIA;Wisła (2);49 41 00;18 49 11;842.0;49.68333333333333;18.81972222222222
249180230;WISŁA;Wisła (2);49 39 17;18 51 41;430.0;49.65472222222222;18.86138888888889
249180240;WISŁA-MALINKA;Malinka (21112);49 38 41;18 58 03;685.0;49.64472222222222;18.967499999999998
249180260;ISTEBNA-KUBALONKA;Olza (114);49 36 13;18 54 04;780.0;49.603611111111114;18.90111111111111
249180270;Istebna Młoda-Góra;Olza (114);49 34 50;18 51 43;786.0;49.580555555555556;18.861944444444447
249180280;ISTEBNA-STECÓWKA;Olza (114);49 35 07;18 56 25;735.0;49.58527777777778;18.940277777777776
249180390;BRENNA Leśnica;Leśnica (211146);49 42 36;18 54 11;426.0;49.71;18.903055555555554
249180410;ISTEBNA-WIEŚ;Olza (114);49 34 08;18 53 32;578.0;49.56888888888889;18.892222222222223
249180520;RUDZICA;Iłownica (2112);49 51 14;18 52 51;345.0;49.85388888888889;18.880833333333335
249180530;ISTEBNA-STECÓWKA;Olza (114);49 35 05;18 56 16;725.0;49.584722222222226;18.93777777777778
249180550;Cieszyn;Olza (114);49 46 30;18 36 33;255.0;49.775;18.609166666666667
249180570;Międzyrzecze Górne;Jasienica (21126);49 50 22;18 55 42;312.0;49.839444444444446;18.928333333333335
249180580;Goczałkowice-Zdrój;Wisła (2);49 56 18;18 56 02;259.0;49.93833333333333;18.933888888888887
249180590;Ruptawa;Olza (114);49 56 12;18 35 22;230.0;49.93666666666666;18.589444444444442
249180620;Kończyce Małe;Piotrówka (1146);49 51 08;18 38 20;242.0;49.852222222222224;18.63888888888889
249180630;Kiczyce;Wisła (2);49 49 18;18 47 59;283.0;49.82166666666667;18.799722222222226
249180640;Brenna-Brennica;Brennica (21114);49 43 24;18 54 27;403.0;49.723333333333336;18.9075
249190010;JAWISZOWICE;Wisła (2);49 57 35;19 08 31;260.0;49.959722222222226;19.141944444444444
249190030;LIBERTÓW;Wisła (2);49 58 21;19 53 42;318.0;49.972500000000004;19.895
249190050;RADZISZÓW;Skawinka (21356);49 56 23;19 48 33;222.0;49.939722222222215;19.809166666666666
249190060;SIEPRAW;Skawinka (21356);49 54 17;19 57 53;267.0;49.90472222222222;19.96472222222222
249190080;WADOWICE;Skawa (2134);49 52 55;19 31 07;259.0;49.88194444444444;19.51861111111111
249190090;INWAŁD;Skawa (2134);49 52 02;19 23 19;350.0;49.867222222222225;19.38861111111111
249190130;MIĘDZYBRODZIE BIALSKIE;Soła (2132);49 47 22;19 11 46;328.0;49.78944444444444;19.19611111111111
249190140;LESKOWIEC;Skawa (2134);49 47 44;19 26 48;872.0;49.79555555555555;19.446666666666665
249190150;STRÓŻA;Raba (2138);49 47 47;19 55 03;330.0;49.796388888888885;19.9175
249190170;BOGDANÓWKA;Raba (2138);49 45 34;19 47 17;812.0;49.75944444444445;19.78805555555556
249190190;MAKÓW PODH.;Skawa (2134);49 43 33;19 41 17;361.0;49.725833333333334;19.688055555555557
249190210;ŁODYGOWICE;Soła (2132);49 43 27;19 09 37;375.0;49.72416666666667;19.160277777777775
249190220;ŚLEMIEŃ;Soła (2132);49 43 03;19 21 11;447.0;49.7175;19.353055555555557
249190230;Lubień;Lubieńka (213834);49 43 15;19 58 12;429.0;49.72083333333334;19.97
249190240;LACHOWICE KRALE;Skawa (2134);49 41 18;19 25 04;616.0;49.68833333333333;19.41777777777778
249190270;Osielec;Skawa (2134);49 40 44;19 44 20;439.0;49.678888888888885;19.73888888888889
249190280;KRZECZÓW;Raba (2138);49 41 01;19 54 36;548.0;49.683611111111105;19.91
249190290;Lipowa;Soła (2132);49 39 58;19 04 36;530.0;49.66611111111111;19.076666666666668
249190310;Pewel Mała;Koszarawa (21324);49 39 39;19 18 21;425.0;49.66083333333333;19.305833333333332
249190320;LUBOŃ WIELKI;Raba (2138);49 39 12;19 59 32;1021.0;49.65333333333333;19.992222222222225
249190340;KOSZARAWA;Soła (2132);49 39 21;19 24 16;595.0;49.655833333333334;19.404444444444444
249190350;ZAWOJA;Skawica (21344);49 36 42;19 31 07;697.0;49.611666666666665;19.51861111111111
249190380;Kamesznica;Bystra (213232);49 34 12;19 03 52;470.0;49.57;19.064444444444444
249190390;MARKOWE SZCZAWINY;Skawa (2134);49 35 15;19 30 59;1193.0;49.587500000000006;19.51638888888889
249190410;MILÓWKA;Soła (2132);49 33 33;19 04 46;485.0;49.55916666666666;19.079444444444444
249190420;Żabnica;Żabniczanka (213234);49 33 39;19 11 15;585.0;49.56083333333333;19.1875
249190430;SOPOTNIA WIELKA;Soła (2132);49 34 54;19 17 58;745.0;49.58166666666667;19.299444444444447
249190440;KORBIELÓW;Soła (2132);49 34 07;19 20 54;650.0;49.56861111111112;19.348333333333333
249190460;SPYTKOWICE GÓRNE;Skawa (2134);49 33 52;19 45 42;639.0;49.56444444444444;19.761666666666667
249190470;Raba Wyżna;Raba (2138);49 33 53;19 52 54;536.0;49.56472222222222;19.881666666666668
249190480;LALIKI;Soła (2132);49 32 41;19 00 58;680.0;49.54472222222222;19.016111111111112
249190520;OBIDOWA;Raba (2138);49 32 39;19 58 07;805.0;49.54416666666666;19.96861111111111
249190530;PILSKO;Soła (2132);49 32 28;19 19 06;1278.0;49.54111111111111;19.31833333333333
249190540;RAJCZA;Soła (2132);49 30 22;19 06 19;495.0;49.50611111111111;19.10527777777778
249190560;JABŁONKA;Czarna Orawa (8222);49 28 20;19 41 45;614.0;49.47222222222222;19.695833333333333
249190580;RYCERKA GÓRNA;Soła (2132);49 25 35;19 00 30;710.0;49.42638888888889;19.008333333333333
249190610;RATUŁÓW;Wielki Rogoźnik (214116);49 23 30;19 53 01;679.0;49.391666666666666;19.88361111111111
249190620;BAŃSKA WYŻNA;Biały Dunajec (21412);49 23 03;19 58 24;896.0;49.384166666666665;19.973333333333333
249190630;WITÓW;Czarny Dunajec (21411);49 19 39;19 49 30;822.0;49.3275;19.825
249190640;NOWE BYSTRE;Wielki Rogoźnik (214116);49 19 56;19 55 45;870.0;49.33222222222223;19.929166666666667
249190660;KOŚCIELISKO-KIRY;Kirowa Woda (214112);49 16 39;19 52 10;922.0;49.277499999999996;19.869444444444444
249190670;POLANA CHOCHOŁ.;Dunajec (214);49 14 13;19 47 19;1145.0;49.23694444444445;19.788611111111113
249190680;HALA ORNAK;Dunajec (214);49 13 45;19 51 34;1109.0;49.22916666666667;19.859444444444446
249190750;Soblówka;Soła (2132);49 26 15;19 08 54;702.0;49.4375;19.148333333333333
249190770;Straconka;Biała (2114);49 47 38;19 06 26;450.0;49.79388888888889;19.107222222222223
249190780;Gubałówka;Wielki Rogoźnik (214116);49 18 20;19 55 47;1123.0;49.30555555555555;19.929722222222225
249190790;Ratułów;Wielki Rogoźnik (214116);49 23 30;19 53 03;679.0;49.391666666666666;19.884166666666665
249190810;Kalwaria Zebrzydowska.;Skawinka (21356);49 52 12;19 41 07;312.0;49.87;19.685277777777777
249190820;Koszarawa;Soła (2132);49 40 20;19 24 50;671.0;49.67222222222222;19.413888888888888
249190830;Kościelisko-Kiry;Kirowa Woda (214112);49 16 40;19 52 15;933.0;49.27777777777778;19.870833333333334
249190840;Rajcza;Soła (2132);49 30 29;19 06 55;505.0;49.50805555555556;19.11527777777778
249190850;Rycerka Górna;Soła (2132);49 25 33;19 00 29;720.0;49.42583333333333;19.008055555555554
249190860;Soblówka;Soła (2132);49 27 24;19 08 43;620.0;49.45666666666667;19.14527777777778
249190870;Ślemień;Soła (2132);49 42 57;19 22 28;480.0;49.715833333333336;19.374444444444446
249190880;Wadowice;Skawa (2134);49 52 38;19 30 40;265.0;49.87722222222222;19.511111111111113
249190890;RADZIECHOWY ;Soła (2132);49 38 55;19 09 20;395.0;49.64861111111111;19.155555555555555
249190920;LIPNICA WIELKA;Czarna Orawa (8222);49 32 16;19 32 43;819.0;49.53777777777778;19.54527777777778
249190960;Budzów;Skawa (2134);49 46 26;19 39 34;342.0;49.77388888888889;19.659444444444443
249190970;Sidzina;Bystrzanka (21342);49 37 10;19 43 37;546.0;49.61944444444445;19.72694444444444
249190980;Sucha Beskidzka;Skawa (2134);49 45 14;19 36 21;324.0;49.75388888888889;19.605833333333333
249190990;Jordanów;Skawa (2134);49 38 35;19 50 30;534.0;49.643055555555556;19.841666666666665
249191020;Skawica;Skawica (21344);49 41 11;19 40 01;409.0;49.686388888888885;19.666944444444447
249191030;Kopytówka;Wisła (2);49 56 01;19 38 10;309.0;49.933611111111105;19.63611111111111
249200020;ŁAZY;Gróbka (21394);49 57 55;20 29 43;245.0;49.96527777777778;20.49527777777778
249200050;STRADOMKA;Stradomka (21388);49 55 15;20 18 33;226.0;49.920833333333334;20.309166666666666
249200060;Gnojnik;Uszwica (21396);49 53 43;20 35 18;310.0;49.89527777777778;20.58833333333333
249200070;DOBCZYCE;Raba (2138);49 52 39;20 04 14;308.0;49.8775;20.070555555555554
249200080;Łapanów;Stradomka (21388);49 52 31;20 17 01;265.0;49.875277777777775;20.283611111111114
249200110;JODŁOWNIK;Stradomka (21388);49 46 15;20 13 29;384.0;49.770833333333336;20.22472222222222
249200120;ROZDZIELE;Raba (2138);49 47 07;20 24 58;627.0;49.78527777777778;20.41611111111111
249200130;JASTRZĘBIA;Biała (2148);49 47 11;20 53 47;288.0;49.78638888888889;20.89638888888889
249200140;WĘGLÓWKA;Raba (2138);49 45 01;20 04 28;512.0;49.750277777777775;20.074444444444445
249200180;LIMANOWA;Łososina (21472);49 41 37;20 25 06;515.0;49.69361111111111;20.418333333333333
249200210;PÓŁRZECZKI;Łososina (21472);49 39 09;20 12 54;650.0;49.652499999999996;20.215
249200220;ROZTOKA;Dunajec (214);49 38 25;20 23 00;815.0;49.640277777777776;20.383333333333333
249200230;GRYBÓW;Biała (2148);49 37 11;20 56 53;335.0;49.61972222222222;20.948055555555555
249200240;PTASZKOWA;Łubinka (21434);49 36 01;20 53 12;520.0;49.60027777777778;20.886666666666667
249200250;JASIONÓW;Raba (2138);49 35 23;20 01 33;742.0;49.58972222222222;20.02583333333333
249200260;ŁĄCKO;Dunajec (214);49 33 35;20 26 22;366.0;49.55972222222222;20.439444444444444
249200270;TURBACZ;Dunajec (214);49 32 41;20 07 05;1273.0;49.54472222222222;20.118055555555557
249200280;ŁABOWA;Kamienica (21432);49 31 34;20 51 31;455.0;49.52611111111111;20.858611111111113
249200290;OCHOTNICA GÓRNA;Dunajec (214);49 30 37;20 14 41;617.0;49.51027777777778;20.244722222222222
249200310;KOWANIEC;Dunajec (214);49 29 27;20 02 49;623.0;49.490833333333335;20.046944444444446
249200320;ŁOPUSZNA;Dunajec (214);49 28 27;20 07 25;570.0;49.47416666666667;20.12361111111111
249200330;STUDZIONKI;Dunajec (214);49 29 43;20 12 43;904.0;49.49527777777778;20.211944444444445
249200340;DĘBNO;Białka (214154);49 27 57;20 12 34;536.0;49.465833333333336;20.209444444444443
249200350;HUTA;Kamienica (21432);49 27 54;20 57 24;756.0;49.465;20.956666666666667
249200360;MIZERNA;Dunajec (214);49 27 19;20 16 55;570.0;49.45527777777778;20.281944444444445
249200370;KROŚCIENKO;Dunajec (214);49 26 44;20 25 54;435.0;49.44555555555555;20.43166666666667
249200380;SZAFLARY;Biały Dunajec (21412);49 25 29;20 01 51;643.0;49.42472222222222;20.030833333333334
249200420;NIEDZICA;Niedziczanka (214172);49 25 04;20 18 57;534.0;49.41777777777777;20.315833333333334
249200440;JAWORZYNA KRYNIC.;Poprad (2142);49 25 04;20 53 43;1110.0;49.41777777777777;20.89527777777778
249200450;BIAŁKA TATRZAŃSKA;Białka (214154);49 24 44;20 06 26;680.0;49.41222222222222;20.107222222222223
249200470;KRYNICA;Poprad (2142);49 24 28;20 57 39;582.0;49.407777777777774;20.960833333333333
249200480;BUKOWINA;Białka (214154);49 20 15;20 05 54;902.0;49.337500000000006;20.098333333333333
249200490;MUSZYNA;Poprad (2142);49 20 59;20 53 11;445.0;49.349722222222226;20.886388888888888
249200530;ŁYSA POLANA;Białka (214154);49 15 49;20 06 54;970.0;49.26361111111111;20.115000000000002
249200540;HALA GĄSIENICOWA;Dunajec (214);49 14 38;20 00 21;1523.0;49.24388888888889;20.00583333333333
249200550;DOLINA 5 STAWÓW;Dunajec (214);49 12 49;20 02 52;1674.0;49.21361111111111;20.047777777777778
249200570;TRZEMEŚNIA;Raba (2138);49 48 45;20 00 46;347.0;49.8125;20.012777777777778
249200910;MORSKIE OKO;Rybi Potok (2141542);49 12 04;20 04 17;1400.0;49.20111111111111;20.07138888888889
249200920;PIWNICZNA;Poprad (2142);49 25 30;20 43 23;380.0;49.425;20.723055555555554
249200930;PORONIN;Biały Dunajec (21412);49 19 49;20 02 07;776.0;49.33027777777778;20.03527777777778
249200950;Szaflary;Biały Dunajec (21412);49 24 58;20 01 31;636.0;49.41611111111111;20.025277777777777
249200960;NOWY TARG-KOWANIEC;Dunajec (214);49 29 11;20 03 18;590.0;49.48638888888889;20.055
249200980;MSZANA DOLNA;Raba (2138);49 39 49;20 03 16;440.0;49.66361111111111;20.054444444444446
249200990;WRONOWICE;Łososina (21472);49 44 11;20 35 26;270.0;49.73638888888889;20.590555555555554
249201010;SIERCZA;Wisła (2);49 58 21;20 02 02;336.0;49.972500000000004;20.03388888888889
249201020;Ostrowsko;Dunajec (214);49 28 48;20 05 38;568.0;49.480000000000004;20.093888888888888
249201030;Dobra;Łososina (214734);49 43 39;20 16 24;427.0;49.7275;20.273333333333333
249201050;Królówka;Raba (2138);49 53 14;20 26 00;291.0;49.88722222222222;20.433333333333334
249201060;Tylmanowa;Ochotnica (2141976);49 31 05;20 23 15;404.0;49.518055555555556;20.3875
249210010;PILZNO;Wisłoka (218);49 59 14;21 18 30;195.0;49.98722222222222;21.308333333333334
249210030;TUCHÓW;Biała (2148);49 54 14;21 02 51;220.0;49.903888888888886;21.047500000000003
249210040;ŻARNOWA;Wisłok (226);49 52 40;21 48 59;220.0;49.87777777777778;21.81638888888889
249210070;BIECZ-GRUDNA;Ropa (2182);49 44 07;21 17 44;285.0;49.73527777777778;21.295555555555556
249210080;JASŁO;Jasiołka (2184);49 44 08;21 29 06;228.0;49.73555555555556;21.485
249210090;GORLICE;Sękówka (21826);49 39 19;21 10 16;300.0;49.655277777777776;21.171111111111113
249210120;NOWY ŻMIGRÓD;Wisłoka (218);49 36 42;21 32 00;300.0;49.611666666666665;21.533333333333335
249210130;Zboiska;Jasiołka (2184);49 34 39;21 41 45;320.0;49.5775;21.695833333333333
249210140;DUKLA;Jasiołka (2184);49 34 01;21 40 50;385.0;49.566944444444445;21.680555555555557
249210150;IWONICZ-ZDRÓJ;Wisłok (226);49 34 02;21 47 18;425.0;49.56722222222223;21.788333333333334
249210160;ORZECHÓWKA;Wisłok (226);49 43 00;21 57 41;310.0;49.71666666666667;21.961388888888887
249210170;BARTNE;Sękówka (21826);49 33 31;21 20 44;540.0;49.558611111111105;21.345555555555553
249210180;KREMPNA;Wisłoka (218);49 30 57;21 29 22;380.0;49.51583333333333;21.489444444444445
249210190;WISŁOCZEK;Wisłok (226);49 30 03;21 51 56;520.0;49.50083333333333;21.865555555555556
249210210;PUŁAWY DOLNE;Wisłok (226);49 29 24;21 54 26;395.0;49.49;21.90722222222222
249210220;WYSZOWADKA;Wisłoka (218);49 27 14;21 25 15;506.0;49.45388888888889;21.420833333333334
249210230;WYSOWA;Ropa (2182);49 26 17;21 10 21;519.0;49.43805555555555;21.1725
249210240;BARWINEK;Jasiołka (2184);49 25 52;21 41 05;465.0;49.43111111111111;21.684722222222224
249210250;JAŚLISKA;Jasiołka (2184);49 26 24;21 48 36;440.0;49.44;21.810000000000002
249210260;TYLICZ;Poprad (2142);49 23 32;21 00 32;585.0;49.39222222222222;21.00888888888889
249210270;WISŁOK WIELKI;Wisłok (226);49 22 43;21 59 57;540.0;49.37861111111111;21.999166666666667
249210280;Kunkowa;Przysłopianka (218232);49 33 00;21 07 29;413.0;49.55;21.12472222222222
249210340;Krempna;Wisłoka (218);49 30 59;21 29 03;380.0;49.51638888888889;21.484166666666667
249210350;Moszczaniec;Wisłok (226);49 25 20;21 54 46;467.0;49.42222222222222;21.912777777777777
249210370;Ropica Górna;Sękówka (21826);49 35 46;21 13 53;357.0;49.596111111111114;21.231388888888887
249210390;Uście Gorlickie;Ropa (2182);49 31 37;21 07 55;398.0;49.526944444444446;21.131944444444446
249210420;Smerekowiec;Ropa (2182);49 30 19;21 14 02;451.0;49.50527777777778;21.233888888888888
249220010;KAŃCZUGA;Mleczka (2268);49 59 07;22 24 26;215.0;49.98527777777778;22.40722222222222
249220040;DYNÓW;San (22);49 50 07;22 14 06;249.0;49.83527777777778;22.235
249220060;BIRCZA;San (22);49 41 14;22 28 52;324.0;49.68722222222222;22.481111111111108
249220070;RYBOTYCZE;Wiar (224);49 39 16;22 38 24;289.0;49.654444444444444;22.64
249220080;SANOK-TREPCZA;San (22);49 35 05;22 11 07;307.0;49.584722222222226;22.185277777777777
249220110;NOWOTANIEC;Pielnica (22618);49 30 28;22 01 31;405.0;49.507777777777775;22.025277777777777
249220120;LESZCZOWATE;San (22);49 30 26;22 32 52;486.0;49.507222222222225;22.547777777777778
249220130;Brzegi Dolne;Strwiąż (76);49 26 36;22 37 16;438.0;49.44333333333333;22.621111111111112
249220140;SZCZAWNE;Osława (222);49 23 56;22 08 49;395.0;49.39888888888889;22.146944444444443
249220150;SOLINA-JAWOR;San (22);49 24 00;22 28 06;459.0;49.4;22.46833333333333
249220160;TELEŚNICA OSZWAROWA;San (22);49 22 49;22 31 52;449.0;49.38027777777778;22.53111111111111
249220170;BALIGRÓD-MCHAWA;Hoczewka (2218);49 21 14;22 17 01;430.0;49.35388888888889;22.283611111111114
249220180;KOMAŃCZA;Osława (222);49 20 21;22 03 48;478.0;49.33916666666667;22.063333333333333
249220190;SAKOWCZYK;San (22);49 18 53;22 26 51;561.0;49.31472222222222;22.4475
249220210;TERKA;Solinka (2212);49 17 50;22 25 37;446.0;49.29722222222222;22.426944444444445
249220220;POLANA;Czarna (22132);49 18 12;22 34 36;458.0;49.30333333333333;22.576666666666668
249220230;LUTOWISKA;San (22);49 14 35;22 41 00;666.0;49.24305555555556;22.683333333333334
249220240;ŻUBRACZE;San (22);49 12 32;22 16 18;623.0;49.20888888888889;22.271666666666665
249220250;CISNA;Solinka (2212);49 12 46;22 19 52;549.0;49.21277777777778;22.33111111111111
249220260;DWERNIK;San (22);49 13 15;22 38 02;543.0;49.22083333333334;22.633888888888887
249220270;KALNICA;Wetlina (22126);49 11 50;22 25 27;577.0;49.197222222222216;22.424166666666668
249220280;STUPOSIANY;Wołosaty (22114);49 11 30;22 40 59;547.0;49.19166666666666;22.68305555555556
249220290;ROZTOKI GÓRNE;San (22);49 09 12;22 18 52;700.0;49.15333333333333;22.314444444444444
249220310;WETLINA;San (22);49 08 41;22 28 19;708.0;49.14472222222222;22.471944444444443
249220320;POŁONINA WETLIŃSKA;San (22);49 09 28;22 33 06;1226.0;49.157777777777774;22.551666666666666
249220330;TARNAWA  NIŻNA;San (22);49 07 29;22 47 29;708.0;49.124722222222225;22.79138888888889
249220340;WOŁOSATE;San (22);49 03 51;22 41 09;752.0;49.064166666666665;22.685833333333335
249220350;WYŻNIAŃSKI WIERCH;San (22);49 07 19;22 35 09;913.0;49.121944444444445;22.585833333333333
249220360;BUKOWIEC ;Solinka (2212);49 18 21;22 24 49;435.0;49.30583333333333;22.41361111111111
249220370;Zatwarnica;San (22);49 12 57;22 33 08;;49.215833333333336;22.552222222222223
250140010;Wyszków;Nysa Łużycka (174);50 58 03;14 59 35;330.0;50.9675;14.993055555555555
250140020;Sieniawka;Nysa Łużycka (174);50 53 37;14 50 07;234.0;50.89361111111111;14.835277777777778
250140030;Bogatynia;Miedzianka (17416);50 53 59;14 58 50;290.0;50.89972222222222;14.980555555555556
250150030;Pobiedna;Łużyca (166324);50 57 07;15 18 31;409.0;50.95194444444445;15.308611111111112
250150050;Pilchowice;Bóbr (16);50 57 46;15 38 24;251.0;50.96277777777778;15.639999999999999
250150060;Rębiszów;Skitnica (166246);50 57 06;15 26 56;420.0;50.95166666666667;15.44888888888889
250150080;Stara Kamienica;Kamienica (1632);50 55 01;15 34 27;374.0;50.91694444444444;15.574166666666667
250150090;Świeradów-Zdrój;Kwisa (166);50 53 54;15 21 31;510.0;50.89833333333333;15.358611111111111
250150110;Kaczorów;Kaczawa (138);50 54 32;15 56 09;491.0;50.90888888888889;15.935833333333333
250150130;Ciechanowice;Bóbr (16);50 52 02;15 58 38;405.0;50.867222222222225;15.977222222222222
250150150;Szklarska Poręba;Kamieńczyk (1622);50 50 04;15 31 45;648.0;50.83444444444444;15.529166666666667
250150170;Jakuszyce;Kamienna (162);50 49 23;15 26 31;855.0;50.823055555555555;15.441944444444445
250150180;Jagniątków;Wrzosówka (1628);50 49 12;15 36 43;549.0;50.82;15.611944444444443
250150190;Kowary;Jedlica (16188);50 48 13;15 49 27;430.0;50.80361111111111;15.824166666666667
250150210;Przesieka;Podgórna (16288);50 47 56;15 40 02;646.0;50.79888888888889;15.667222222222222
250150220;Karpacz;Skałka (161844);50 46 44;15 46 10;567.0;50.778888888888886;15.769444444444446
250150240;Paczyn;Bachorzyna (161154);50 44 23;15 54 41;643.0;50.73972222222222;15.911388888888888
250150250;Paprotki;Bachorzyna (161154);50 43 36;15 56 53;543.0;50.72666666666667;15.948055555555555
250150260;Bukówka;Bóbr (16);50 42 46;15 57 26;511.0;50.71277777777778;15.95722222222222
250150340;Borowice;Kacza (162886);50 47 21;15 41 24;660.0;50.78916666666667;15.69
250150350;Podgórzyn;Podgórna (16288);50 49 32;15 41 15;385.0;50.82555555555556;15.6875
250150510;Mirsk;Czarny Potok (16632);50 59 13;15 23 00;338.0;50.98694444444445;15.383333333333333
250150530;Świeradów-Zdrój II;Kwisa (166);50 54 21;15 19 32;595.0;50.905833333333334;15.325555555555555
250150540;Czernica;Biały Potok (16344);50 58 28;15 43 03;299.0;50.974444444444444;15.7175
250150550;Szrenica;Bóbr (16);50 47 27;15 30 44;1327.0;50.79083333333333;15.512222222222222
250150560;Mała Kopa;Łomniczka (16184);50 44 37;15 43 34;1341.0;50.743611111111115;15.726111111111111
250150580;Jarkowice;Bóbr (16);50 44 11;15 52 25;650.0;50.73638888888889;15.873611111111112
250150590;Niedamirów;Bóbr (16);50 41 28;15 52 14;685.0;50.691111111111105;15.870555555555557
250160010;Strzegom;Strzegomka (1348);50 57 50;16 22 35;211.0;50.96388888888889;16.37638888888889
250160030;Bolków;Nysa Szalona (1384);50 55 30;16 05 55;310.0;50.925;16.09861111111111
250160060;Sobótka;Czarna Woda (1346);50 54 08;16 45 34;156.0;50.90222222222222;16.759444444444444
250160070;Borów;Ślęza (1336);50 52 56;16 59 24;145.0;50.882222222222225;16.990000000000002
250160090;Pszenno;Piława (1344);50 51 41;16 31 43;223.0;50.86138888888889;16.52861111111111
250160120;Lubomin;Dopływ z Lubomina (134822);50 48 13;16 11 45;464.0;50.80361111111111;16.195833333333333
250160130;Szczawno-Zdrój;Szczawnik (134864);50 48 24;16 14 28;431.0;50.806666666666665;16.241111111111113
250160150;Kamienna Góra;Bóbr (16);50 47 34;16 02 10;464.0;50.79277777777778;16.03611111111111
250160170;Lubachów;Bystrzyca (134);50 45 50;16 25 43;305.0;50.763888888888886;16.428611111111113
250160190;Boguszów-Gorce;Lesk (1616);50 44 58;16 11 24;518.0;50.74944444444444;16.19
250160220;Jedlina-Zdrój;Jedlina (13416);50 43 07;16 20 57;436.0;50.718611111111116;16.349166666666665
250160260;Dzierżoniów;Piława (1344);50 44 36;16 37 27;252.0;50.74333333333333;16.624166666666667
250160270;Walim;Walimka (13418);50 42 10;16 26 21;489.0;50.70277777777778;16.439166666666665
250160290;Chełmsko Śląskie;Zadrna (1614);50 40 15;16 04 12;498.0;50.670833333333334;16.07
250160310;Mieroszów;Ścinawka (122);50 39 45;16 10 33;493.0;50.6625;16.175833333333333
250160320;Ostroszowice;Jadkowa (12322);50 38 39;16 38 09;373.0;50.64416666666666;16.635833333333334
250160350;Srebrna Góra;Budzówka (1232);50 34 38;16 39 53;405.0;50.577222222222225;16.66472222222222
250160360;Tarnów;Budzówka (1232);50 34 31;16 47 34;296.0;50.57527777777778;16.79277777777778
250160410;Bardo;Nysa Kłodzka (12);50 30 33;16 44 39;321.0;50.509166666666665;16.74416666666667
250160450;Kudowa-Zdrój;Klikawa (946);50 26 17;16 13 19;364.0;50.43805555555555;16.221944444444443
250160480;Słoszów;Wapienny (12182);50 24 36;16 22 46;556.0;50.41;16.379444444444445
250160490;Polanica-Zdrój;Bystrzyca Dusznicka (1218);50 25 31;16 31 06;389.0;50.42527777777777;16.51833333333333
250160510;Ołdrzychowice Kłodzkie;Biała Lądecka (1216);50 21 24;16 44 05;349.0;50.35666666666667;16.734722222222224
250160520;Lądek-Zdrój;Biała Lądecka (1216);50 20 43;16 53 06;461.0;50.34527777777778;16.884999999999998
250160530;Zieleniec;Bystrzyca Dusznicka (1218);50 19 48;16 23 39;840.0;50.330000000000005;16.394166666666667
250160560;Stronie Śląskie;Biała Lądecka (1216);50 18 09;16 51 58;502.0;50.302499999999995;16.866111111111113
250160580;Spalona;Bystrzyca (1214);50 16 36;16 32 18;815.0;50.276666666666664;16.538333333333334
250160590;Długopole-Zdrój;Nysa Kłodzka (12);50 14 59;16 38 00;364.0;50.249722222222225;16.633333333333333
250160610;Bolesławów;Morawka (12162);50 15 17;16 53 27;602.0;50.25472222222222;16.890833333333333
250160620;Kamienica;Kamienica (121624);50 13 38;16 53 03;682.0;50.227222222222224;16.884166666666665
250160630;Międzygórze;Wilczka (1212);50 13 07;16 46 25;795.0;50.218611111111116;16.77361111111111
250160650;Międzylesie;Nysa Kłodzka (12);50 09 12;16 40 15;453.0;50.15333333333333;16.670833333333334
250160840;Szalejów Górny;Bystrzyca Dusznicka (1218);50 25 50;16 33 09;335.0;50.43055555555555;16.552500000000002
250160910;SREBRNA GÓRA II;Budzówka (1232);50 34 51;16 40 06;380.0;50.58083333333334;16.668333333333333
250160920;Piława Górna;Piława (1344);50 41 22;16 43 57;296.0;50.68944444444444;16.732499999999998
250160930;Karłów;Czerwona Woda (121848);50 28 27;16 20 13;753.0;50.47416666666667;16.336944444444445
250160940;Nowa Wieś;Nowinka (121146);50 11 52;16 44 42;555.0;50.19777777777777;16.745
250160950;Kwietniki;Nysa Mała (13846);50 58 01;16 08 34;256.0;50.966944444444444;16.142777777777777
250160960;Stary Gierałtów;Biała Lądecka (1216);50 18 36;16 55 03;535.0;50.309999999999995;16.9175
250160970;Śnieżnik;Wilczka (1212);50 12 30;16 49 57;1218.0;50.208333333333336;16.8325
250160980;Wolibórz;Ścinawka (122);50 35 26;16 34 41;518.0;50.59055555555556;16.578055555555554
250161020;ZIELENIEC II;Bystrzyca Dusznicka (1218);50 20 40;16 23 57;721.0;50.34444444444445;16.399166666666666
250161030;Rzeczka;Walimka (13418);50 40 36;16 26 51;624.0;50.67666666666666;16.4475
250161040;Złoty Stok;Nysa Kłodzka (12);50 25 47;16 51 02;536.0;50.42972222222222;16.850555555555555
250161060;Łomnica;Bystrzyca (134);50 40 20;16 19 42;570.0;50.67222222222222;16.328333333333333
250161070;Jodłów;Nysa Kłodzka (12);50 10 22;16 46 16;828.0;50.172777777777775;16.77111111111111
250161080;Starkówek;Nysa Kłodzka (12);50 22 24;16 31 05;484.0;50.373333333333335;16.518055555555556
250161090;Wolbromek;Nysa Szalona (1384);50 55 47;16 07 38;290.0;50.92972222222222;16.127222222222223
250170110;Dobrogoszcz;Pluskawa (133646);50 45 31;17 01 02;175.0;50.75861111111111;17.01722222222222
250170250;Otmuchów;Nysa Kłodzka (12);50 28 20;17 09 59;212.0;50.47222222222222;17.16638888888889
250170290;Dziewiętlice;Świdna (12548);50 24 41;17 05 03;241.0;50.41138888888889;17.084166666666665
250170330;Głuchołazy;Biała Głuchołaska (1258);50 18 08;17 23 14;348.0;50.30222222222222;17.38722222222222
250170340;Jarnołtówek;Złoty Potok (117644);50 17 17;17 26 17;346.0;50.28805555555555;17.438055555555557
250170390;Głubczyce;Psina (1152);50 10 55;17 47 41;290.0;50.18194444444444;17.794722222222223
250170770;Unikowice;Nysa Kłodzka (12);50 26 33;17 00 31;248.0;50.442499999999995;17.00861111111111
250170790;Wojnowice;Troja (11526);50 08 01;17 52 06;283.0;50.13361111111111;17.868333333333332
250170810;Branice;Opawa (112);50 03 04;17 46 33;290.0;50.051111111111105;17.77583333333333
250170840;Meszno;Nysa Kłodzka (12);50 25 57;17 08 29;213.0;50.4325;17.141388888888887
250170850;Kujawy;Osobłoga (1176);50 26 13;17 48 14;180.0;50.43694444444444;17.80388888888889
250170860;Przylesie;Oława (1334);50 46 56;17 20 59;164.0;50.782222222222224;17.349722222222223
250170870;Opole-WIK;Odra (1);50 40 52;17 54 04;149.0;50.68111111111111;17.90111111111111
250180030;Stare Olesno;Stobrawa (132);50 54 17;18 21 50;224.0;50.90472222222222;18.36388888888889
250180110;Dobrodzień;Myślinka (118384);50 43 45;18 25 32;227.0;50.72916666666667;18.425555555555558
250180190;Krupski Młyn;Mała Panew (118);50 34 09;18 37 24;225.0;50.56916666666667;18.623333333333335
250180210;Zielona;Mała Panew (118);50 32 57;18 58 05;284.0;50.549166666666665;18.968055555555555
250180250;Brynica;Brynica (2126);50 28 18;18 59 56;283.0;50.47166666666667;18.99888888888889
250180270;Świerklaniec;Brynica (2126);50 25 44;18 56 33;285.0;50.428888888888885;18.9425
250180330;Łabędy;Kłodnica (116);50 20 31;18 36 55;208.0;50.341944444444444;18.61527777777778
250180380;Sukowice;Cisek (11594);50 15 46;18 10 11;180.0;50.26277777777778;18.169722222222223
250180450;Zwonowice;Sumina (11568);50 08 34;18 26 16;260.0;50.14277777777778;18.43777777777778
250180530;Kietrz;Odra (1);50 04 56;18 00 37;220.0;50.08222222222223;18.010277777777777
250180540;Rydułtowy;Odra (1);50 03 01;18 25 46;295.0;50.05027777777777;18.429444444444446
250180560;Żory;Ruda (1156);50 03 13;18 41 47;245.0;50.05361111111111;18.69638888888889
250180580;Droniowice;Liswarta (1816);50 41 43;18 48 29;270.0;50.695277777777775;18.808055555555555
250180590;RYBNIK-STODOŁY;Ruda (1156);50 09 16;18 28 59;216.0;50.154444444444444;18.483055555555556
250180640;Zabrze;Kłodnica (116);50 21 54;18 45 13;270.0;50.365;18.753611111111113
250180650;Pławniowice;Kłodnica (116);50 22 35;18 28 56;218.0;50.37638888888889;18.48222222222222
250180660;Ruda Śląska;Kłodnica (116);50 14 49;18 49 12;236.0;50.246944444444445;18.82
250180670;Trzebiszyn;Budkowiczanka (1328);50 51 54;18 11 27;196.0;50.865;18.190833333333334
250180680;Czerwionka-Leszczyny;Bierawka (1158);50 09 16;18 39 49;246.0;50.154444444444444;18.66361111111111
250180690;Pilchowice;Bierawka (1158);50 13 27;18 35 31;221.0;50.22416666666667;18.591944444444444
250180710;Boguszyce;Kłodnica (116);50 26 13;18 30 37;211.0;50.43694444444444;18.510277777777777
250180720;Modzurów;Odra (1);50 09 38;18 08 20;244.0;50.160555555555554;18.13888888888889
250180730;Bierawa;Odra (1);50 16 56;18 14 41;178.0;50.282222222222224;18.244722222222222
250180740;Sierakowice;Odra (1);50 15 56;18 25 53;203.0;50.26555555555556;18.43138888888889
250180750;Wąsice;Stobrawa (132);50 59 06;18 01 47;169.0;50.985;18.029722222222222
250180760;Strzelce Opolskie;Mała Panew (118);50 31 04;18 18 40;229.0;50.51777777777777;18.311111111111114
250190010;Januszewice;Czarna (Włoszczowska) (2542);50 56 31;19 57 40;220.0;50.94194444444444;19.961111111111112
250190030;Silniczka;Pilica (254);50 55 19;19 45 32;215.0;50.92194444444444;19.75888888888889
250190080;Wąsosz;Pilica (254);50 44 15;19 41 09;230.0;50.737500000000004;19.685833333333335
250190140;Żarki;Warta (18);50 38 24;19 22 49;380.0;50.64;19.380277777777778
250190150;BONOWICE;Pilica (254);50 37 16;19 47 37;260.0;50.62111111111111;19.79361111111111
250190160;Lgota Górna;Warta (18);50 36 03;19 14 07;320.0;50.600833333333334;19.235277777777778
250190170;Kręciwilk;Warta (18);50 32 43;19 22 13;307.0;50.54527777777778;19.37027777777778
250190180;PIWOŃ;Przemsza (212);50 28 59;19 15 04;295.0;50.48305555555556;19.25111111111111
250190210;Pilica;Pilica (254);50 27 35;19 38 49;351.0;50.459722222222226;19.646944444444443
250190220;Łazy;Przemsza (212);50 25 52;19 23 02;350.0;50.43111111111111;19.383888888888887
250190260;Golczowice;Biała Przemsza (2128);50 21 36;19 35 45;324.0;50.36;19.59583333333333
250190290;OLEWIN;Biała Przemsza (2128);50 16 37;19 36 13;398.0;50.276944444444446;19.603611111111114
250190310;Maczki;Biała Przemsza (2128);50 15 31;19 15 46;265.0;50.25861111111111;19.262777777777778
250190380;Bieruń Stary;Mleczna (21188);50 05 03;19 05 41;255.0;50.08416666666667;19.09472222222222
250190470;WOLA JUSTOWSKA;Wisła (2);50 03 50;19 53 25;204.0;50.06388888888888;19.890277777777776
250190510;Piwoń;Przemsza (212);50 29 04;19 14 42;300.0;50.48444444444444;19.245
250190520;TYCHY;Gostynia (2118);50 07 55;19 00 04;255.0;50.13194444444444;19.00111111111111
250190530;Katowice Pyrzowice;Brynica (2126);50 28 38;19 05 42;301.0;50.477222222222224;19.095
250190780;Będkowice;Wisła (2);50 10 45;19 46 10;434.0;50.17916666666667;19.769444444444442
250190790;Chrzanów;Wisła (2);50 06 45;19 22 36;252.0;50.112500000000004;19.37666666666667
250190810;Lubsza;Mała Panew (118);50 36 35;19 00 15;335.0;50.609722222222224;19.004166666666666
250190820;Dąbrowa Górnicza;Przemsza (212);50 24 08;19 15 52;321.0;50.40222222222222;19.264444444444443
250190830;Mysłów;Dopływ spod Mysłowa (1811342);50 34 22;19 12 54;322.0;50.57277777777778;19.215
250190840;Rokitno Szlacheckie;Przemsza (212);50 26 07;19 25 52;343.0;50.43527777777778;19.43111111111111
250190850;TROKS;Biała Przemsza (2128);50 18 14;19 38 09;411.0;50.303888888888885;19.635833333333334
250190880;Sułoszowa;Prądnik (21374);50 15 30;19 44 24;442.0;50.25833333333333;19.740000000000002
250200010;BARTKÓW;Czarna Nida (2164);50 58 43;20 38 59;330.0;50.978611111111114;20.649722222222223
250200040;Bodzentyn;Pokrzywianka (23484);50 56 49;20 57 05;270.0;50.94694444444444;20.95138888888889
250200050;RYKOSZYN;Nida (216);50 51 56;20 24 42;274.0;50.86555555555556;20.411666666666665
250200110;CISÓW;Czarna (2178);50 45 31;20 54 10;326.0;50.75861111111111;20.902777777777775
250200130;KLISZÓW;Nida (216);50 36 45;20 31 29;206.0;50.612500000000004;20.52472222222222
250200210;MIECHÓW;Szreniawa (21392);50 21 46;20 01 58;299.0;50.36277777777778;20.032777777777778
250200220;SIELEC;Nidzica (21398);50 19 07;20 25 14;200.0;50.31861111111112;20.420555555555556
250200230;BORUSOWA;Wisła (2);50 16 40;20 47 13;171.0;50.27777777777778;20.786944444444448
250200250;RADZIEMICE;Szreniawa (21392);50 15 12;20 13 51;240.0;50.25333333333333;20.230833333333333
250200280;IGOŁOMIA;Wisła (2);50 05 37;20 15 23;202.0;50.093611111111116;20.25638888888889
250200290;BORZĘCIN;Uszwica (21396);50 03 57;20 42 36;192.0;50.06583333333333;20.71
250200360;DĄBROWA TARNOWSKA;Breń (2174);50 11 10;20 59 28;197.0;50.18611111111111;20.991111111111113
250200370;KONIECZNO;Nida (216);50 47 39;20 02 03;268.0;50.79416666666666;20.034166666666668
250200380;BIELINY PODUCHOWNE;Czarna Nida (2164);50 50 58;20 57 32;321.0;50.849444444444444;20.95888888888889
250200490;Kokotów;Wisła (2);50 01 18;20 04 15;;50.02166666666667;20.070833333333333
250200520;Dobrowoda;Nida (216);50 23 40;20 45 56;208.0;50.394444444444446;20.765555555555554
250200550;Brończyce;Szreniawa (21392);50 14 00;20 06 12;256.0;50.233333333333334;20.103333333333335
250210020;Nosów;Pokrzywianka (23484);50 55 09;21 13 09;265.0;50.91916666666666;21.219166666666666
250210030;Annopol;Wisła (2);50 53 22;21 50 03;165.0;50.88944444444444;21.834166666666665
250210040;SŁUPIA NOWA;Pokrzywianka (23484);50 51 51;21 05 00;290.0;50.86416666666667;21.083333333333332
250210050;Święty Krzyż;Pokrzywianka (23484);50 51 34;21 03 05;575.0;50.85944444444445;21.05138888888889
250210070;BARANÓWEK;Koprzywianka (2194);50 46 12;21 15 28;283.0;50.769999999999996;21.25777777777778
250210080;SADKÓW;Czarna (2178);50 44 12;21 04 38;365.0;50.736666666666665;21.077222222222222
250210090;JASTRZĘBSKA WOLA;Czarna (2178);50 43 29;21 11 13;263.0;50.724722222222226;21.186944444444446
250210110;RAKÓW;Czarna (2178);50 40 18;21 02 55;220.0;50.67166666666667;21.048611111111114
250210120;KLIMONTÓW;Koprzywianka (2194);50 39 12;21 27 01;203.0;50.65333333333333;21.450277777777778
250210130;STASZÓW;Czarna (2178);50 35 42;21 11 06;219.0;50.595;21.185
250210160;MAJDAN KRÓLEWSKI;Łęg (2198);50 22 00;21 45 07;200.0;50.36666666666667;21.751944444444444
250210170;WILCZA WOLA;Łęg (2198);50 20 29;21 55 55;190.0;50.34138888888889;21.931944444444447
250210180;CHORZELÓW;Wisła (2);50 20 53;21 26 39;170.0;50.34805555555556;21.444166666666668
250210210;MIELEC;Wisłoka (218);50 16 46;21 25 58;170.0;50.279444444444444;21.43277777777778
250210220;KOLBUSZOWA;Łęg (2198);50 15 44;21 44 45;200.0;50.26222222222222;21.745833333333334
250210230;RADOMYŚL WIELKI;Breń (2174);50 11 59;21 16 11;190.0;50.19972222222222;21.26972222222222
250210240;ZAWADA;Brzeźnica (2188);50 03 50;21 29 36;200.0;50.06388888888888;21.493333333333336
250210260;SĘDZISZÓW MAŁOPOLSKI;Brzeźnica (2188);50 04 41;21 42 13;210.0;50.07805555555556;21.703611111111112
250210280;Wola Raniżowska;Łęg (2198);50 18 04;21 59 32;195.0;50.301111111111105;21.992222222222225
250210290;Łubnice;Wisła (2);50 23 49;21 09 17;162.0;50.39694444444444;21.154722222222222
250210330;Klimontów;Koprzywianka (2194);50 39 09;21 27 49;210.0;50.652499999999996;21.46361111111111
250220020;Zakrzówek;Bystrzyca (246);50 55 46;22 22 21;270.0;50.92944444444444;22.3725
250220030;Wysokie;Pór (24174);50 55 04;22 40 01;260.0;50.91777777777777;22.666944444444447
250220050;Zakłodzie;Pór (24174);50 45 27;22 51 41;205.0;50.7575;22.86138888888889
250220080;FRAMPOL;Łada (2286);50 40 30;22 39 58;243.0;50.675;22.66611111111111
250220120;JAROCIN;Bukowa (2294);50 34 07;22 18 24;183.0;50.56861111111112;22.30666666666667
250220130;BRODZIAKI;Czarna Łada (22862);50 30 24;22 47 24;201.0;50.50666666666667;22.790000000000003
250220140;Tarnogróg;Tanew (228);50 21 24;22 45 24;237.0;50.35666666666667;22.756666666666668
250220210;JAROSŁAW;San (22);50 01 06;22 41 47;181.0;50.01833333333333;22.69638888888889
250220220;Jarosław;San (22);50 01 16;22 42 09;180.0;50.02111111111111;22.7025
250220230;Piwoda;San (22);50 04 35;22 45 18;183.0;50.07638888888889;22.755
250230020;Nielisz;Wieprz (24);50 48 18;23 02 19;200.0;50.805;23.038611111111113
250230060;Józefów;Tanew (228);50 29 15;23 03 30;257.0;50.487500000000004;23.058333333333334
250230070;Tomaszów Lubelski;Sołokija (26614);50 27 29;23 23 56;270.0;50.45805555555556;23.398888888888887
250230130;FUTORY;Lubaczówka (2256);50 11 48;23 02 47;239.0;50.196666666666665;23.04638888888889
250230140;WIELKIE OCZY;Szkło (2254);50 01 04;23 09 30;236.0;50.01777777777777;23.15833333333333
250230160;CIESZANÓW;Tanew (228);50 14 01;23 07 05;217.0;50.23361111111111;23.118055555555557
250230170;Jędrzejówka;Tanew (228);50 19 47;23 20 34;285.0;50.32972222222222;23.342777777777776
250230180;Grabowiec Góra;Wieprz (24);50 48 45;23 34 12;268.0;50.8125;23.57
250230190;Kolonia Nowosiółki;Huczwa (267142);50 32 30;23 54 58;248.0;50.541666666666664;23.91611111111111
250240010;Strzyżów;Bug (266);50 50 24;24 02 08;181.0;50.84;24.035555555555558
250240070;Gołębie;Bug (26714);50 38 05;24 04 59;204.0;50.63472222222222;24.083055555555557
251140060;Sobolice;Nysa Łużycka (174);51 23 18;14 58 30;150.0;51.388333333333335;14.975
251140110;Sanice;Nysa Łużycka (174);51 24 22;14 58 33;150.0;51.40611111111111;14.975833333333334
251150030;Nowogród Bobrzański;Bóbr (16);51 47 58;15 15 11;102.0;51.79944444444444;15.253055555555555
251150080;Grabik;Czarna (164382);51 39 09;15 06 41;166.0;51.652499999999996;15.111388888888888
251150110;Żagań;Bóbr (16);51 38 59;15 17 37;96.0;51.64972222222222;15.293611111111112
251150130;Łozy;Kwisa (166);51 29 22;15 22 01;128.0;51.489444444444445;15.366944444444444
251150180;Tomaszów Bolesławiecki;Bobrzyca (1638);51 16 35;15 40 39;186.0;51.27638888888889;15.6775
251150220;Nowogrodziec;Kwisa (166);51 11 44;15 23 43;206.0;51.19555555555555;15.395277777777777
251150280;Twardocice;Gajowa (138664);51 05 26;15 44 51;253.0;51.09055555555556;15.747499999999999
251150290;Sulików;Czerwona Woda (1744);51 04 37;15 03 54;214.0;51.07694444444445;15.065000000000001
251150320;Bierna;Czerwona Woda (1744);51 02 20;15 06 59;265.0;51.038888888888884;15.116388888888888
251150340;Gryfów Śląski;Kwisa (166);51 01 36;15 24 34;312.0;51.026666666666664;15.409444444444444
251150350;Lubomierz;Oldza (1664);51 00 55;15 30 10;365.0;51.015277777777776;15.502777777777778
251150360;Świerzawa;Kaczawa (138);51 01 01;15 53 20;299.0;51.01694444444444;15.88888888888889
251150390;Złotniki Lubańskie;Zb. Złotniki (166513);51 00 50;15 20 26;360.0;51.013888888888886;15.340555555555556
251150410;ŚWIERZAWA;Kaczawa (138);51 01 01;15 53 20;260.0;51.01694444444444;15.88888888888889
251150420;STANKOWICE;Kwisa (166);51 01 00;15 18 49;335.0;51.016666666666666;15.313611111111111
251150430;Białków;Lubsza (1748);51 46 37;15 01 18;85.0;51.776944444444446;15.021666666666668
251150440;Siecieborzyce;Bóbr (16);51 39 56;15 32 13;150.0;51.66555555555556;15.536944444444444
251150450;Pieńsk;Nysa Łużycka (174);51 15 36;15 02 25;164.0;51.26;15.040277777777778
251150470;Miedziana;Czerwona Woda (1744);51 01 15;15 06 59;295.0;51.020833333333336;15.116388888888888
251160110;Osetno;Barycz (14);51 37 55;16 27 51;87.0;51.63194444444444;16.464166666666667
251160150;POLKOWICE DOLNE;Mokrzyca (16418);51 30 02;16 03 22;160.0;51.50055555555556;16.05611111111111
251160170;Chwałkowice;Rudawka (145444);51 26 54;16 36 47;178.0;51.44833333333333;16.613055555555558
251160190;LUBIN;Zimnica (1392);51 24 43;16 13 01;131.0;51.411944444444444;16.216944444444444
251160220;Oborniki Śląskie;Odra (1);51 17 22;16 55 50;160.0;51.28944444444444;16.930555555555557
251160290;Jawor;Nysa Szalona (1384);51 03 48;16 11 01;188.0;51.06333333333333;16.183611111111112
251160320;RADZYŃ;Obrzyca (156);51 52 21;16 02 16;60.0;51.8725;16.03777777777778
251160360;GŁOGÓW;Odra (1);51 40 21;16 03 36;75.0;51.6725;16.060000000000002
251160420;Pysząca;Odra (1);51 15 23;16 40 47;110.0;51.256388888888885;16.679722222222225
251170030;Witaszyce;Lutynia (1852);51 56 44;17 33 12;130.0;51.94555555555555;17.553333333333335
251170090;Smolice;Rdęca (1464);51 41 39;17 10 47;105.0;51.69416666666666;17.179722222222225
251170140;Milicz;Barycz (14);51 30 40;17 16 38;118.0;51.51111111111111;17.27722222222222
251170210;Trzebnica;Kanał Trzebnicki (14428);51 19 22;17 04 05;155.0;51.32277777777778;17.068055555555556
251170270;Bierutów;Widawa (136);51 07 08;17 32 41;141.0;51.11888888888889;17.544722222222223
251170290;Namysłów;Widawa (136);51 03 57;17 42 57;152.0;51.06583333333333;17.715833333333332
251170360;Ostrów Wielkopolski;Ołobok (1844);51 39 39;17 52 24;123.0;51.66083333333333;17.873333333333335
251170380;WOLA KSIĄŻĘCA;Lutynia (1852);51 57 41;17 35 21;118.0;51.96138888888889;17.589166666666664
251170430;OSTRZESZÓW II;Dąbrówka (1412);51 26 04;17 54 56;186.0;51.43444444444444;17.915555555555553
251170440;Drołtowice;Widawa (136);51 20 06;17 35 46;200.0;51.335;17.59611111111111
251180020;Zbiersk;Czarna Struga (183566);51 56 36;18 09 01;125.0;51.94333333333333;18.150277777777777
251180040;Poddębice;Ner (1832);51 53 08;18 57 35;130.0;51.885555555555555;18.959722222222222
251180050;Lisków;Swędrnia (18482);51 50 07;18 24 36;147.0;51.83527777777778;18.41
251180090;Sieradz;Warta (18);51 35 35;18 41 14;140.0;51.59305555555556;18.68722222222222
251180140;Złoczew;Oleśnica (1818);51 25 16;18 35 57;175.0;51.42111111111111;18.599166666666665
251180150;Mirków;Prosna (184);51 18 37;18 08 47;156.0;51.31027777777778;18.14638888888889
251180160;Osjaków;Warta (18);51 16 59;18 47 01;156.0;51.283055555555556;18.783611111111114
251180190;Siemianice;Prosna (184);51 10 58;18 08 35;180.0;51.18277777777777;18.143055555555556
251180240;Jastrzygowice;Prosna (184);51 00 04;18 27 25;202.0;51.00111111111111;18.456944444444442
251180310;Kiełczygłów;Nieciecz (18292);51 14 14;18 59 06;175.0;51.23722222222222;18.985
251180320;Kraszewice;Łużyca (18438);51 31 49;18 12 17;131.0;51.530277777777776;18.204722222222223
251180330;Działoszyn;Warta (18);51 07 12;18 52 26;191.0;51.12;18.87388888888889
251180350;SIERADZ-DZIGORZEW;Warta (18);51 37 27;18 42 17;128.0;51.62416666666667;18.704722222222223
251190140;Plucice;Luciąża (25452);51 12 13;19 36 07;204.0;51.203611111111115;19.601944444444445
251190150;Dobryszyce;Widawka (182);51 08 20;19 25 42;259.0;51.138888888888886;19.428333333333335
251190160;Przedbórz;Pilica (254);51 05 26;19 52 31;190.0;51.09055555555556;19.87527777777778
251190190;Łask;Grabia (1828);51 35 08;19 10 43;189.0;51.58555555555556;19.178611111111113
251190210;Szczerców;Widawka (182);51 20 27;19 07 09;160.0;51.340833333333336;19.11916666666667
251190220;Dobryszyce II;Widawka (182);51 08 51;19 24 30;216.0;51.1475;19.40833333333333
251190230;Jarosty;Luciąża (25452);51 27 45;19 41 31;197.0;51.462500000000006;19.691944444444445
251190240;Wierzbowa;Ner (1832);51 59 12;19 04 46;111.0;51.986666666666665;19.079444444444444
251190250;Bełchatów;Widawka (182);51 22 47;19 23 49;207.0;51.37972222222222;19.396944444444443
251200030;Skierniewice;Bzura (272);51 57 55;20 09 37;128.0;51.96527777777778;20.160277777777775
251200080;Białobrzegi;Pilica (254);51 38 54;20 56 25;116.0;51.64833333333333;20.940277777777776
251200130;Opoczno;Drzewiczka (2548);51 22 44;20 14 04;200.0;51.37888888888889;20.234444444444446
251200140;Ruszkowice;Radomka (252);51 20 21;20 39 57;210.0;51.33916666666667;20.66583333333333
251200150;Łaziska;Radomka (252);51 19 26;20 55 33;180.0;51.323888888888895;20.925833333333333
251200170;Chełsty;Czarna (Maleniecka) (2544);51 12 57;20 08 55;220.0;51.215833333333336;20.148611111111112
251200220;Włochów;Czarna (2544);51 05 56;20 36 44;345.0;51.098888888888894;20.612222222222222
251200240;Stanowiska;Czarna (Maleniecka) (2544);51 02 31;20 22 17;305.0;51.04194444444444;20.37138888888889
251200250;Suchedniów;Kamienna (234);51 02 59;20 49 50;265.0;51.04972222222222;20.830555555555556
251200270;Dąbrówka Stara;Pilica (254);51 46 49;20 44 13;174.0;51.780277777777776;20.736944444444447
251200290;Teofilów;Pilica (254);51 31 41;20 10 58;150.0;51.528055555555554;20.18277777777778
251200320;Mszczonów;Bzura (272);51 59 03;20 29 50;161.0;51.98416666666667;20.497222222222224
251210040;JARCZEW;Wilga (2536);51 48 53;21 58 24;180.0;51.81472222222222;21.973333333333333
251210120;PUŁAWY;Wisła (2);51 24 46;21 57 58;142.0;51.41277777777778;21.96611111111111
251210230;Starachowice;Kamienna (234);51 02 30;21 03 21;265.0;51.041666666666664;21.055833333333332
251210240;Brody Iłżeckie;Kamienna (234);51 01 07;21 11 49;190.0;51.01861111111111;21.196944444444444
251210320;Kazanów;Iłżanka (236);51 16 42;21 28 03;158.0;51.27833333333333;21.467499999999998
251220040;Radzyń Podlaski;Tyśmienica (248);51 46 09;22 36 03;150.0;51.76916666666666;22.600833333333334
251220230;Ostrówek-Kolonia;Tyśmienica (248);51 35 37;22 36 01;;51.593611111111116;22.60027777777778
251220250;Ostrów Lubelski;Tyśmienica (248);51 29 46;22 52 11;157.0;51.49611111111111;22.869722222222222
251220260;Turze Rogi;Krzna (267144);51 55 37;22 27 50;159.0;51.926944444444445;22.46388888888889
251230120;Bezek;Wieprz (24);51 10 38;23 15 49;224.0;51.17722222222222;23.26361111111111
251230220;Depułtycze Królewskie;Uherka (2671434);51 04 59;23 26 10;216.0;51.08305555555556;23.43611111111111
251230240;Studzianka;Zielawa (2671448);51 55 54;23 12 53;143.0;51.931666666666665;23.21472222222222
252140070;Boleszkowice;Dopływ z Boleszkowic (191298);52 43 37;14 34 00;50.0;52.72694444444445;14.566666666666666
252140090;Kostrzyn Nad Odrą;Maszówek (1894);52 35 55;14 39 40;26.0;52.59861111111111;14.661111111111111
252140150;Maszewo;Odra (1);52 04 11;14 55 08;68.0;52.069722222222225;14.918888888888889
252140160;Trzcińsko-Zdrój;Rurzyca (1886592);52 57 52;14 35 17;53.0;52.964444444444446;14.588055555555556
252140210;Boczów;Rzepia (1786);52 19 01;14 56 19;79.0;52.316944444444445;14.938611111111111
252140220;Chojna;Rurzyca (1918);52 56 27;14 24 15;49.0;52.94083333333333;14.404166666666667
252150050;Krzyż;Noteć (188);52 52 52;15 59 01;34.0;52.88111111111111;15.98361111111111
252150070;Drezdenko;Noteć (188);52 51 17;15 50 28;31.0;52.85472222222222;15.841111111111111
252150180;Lubinicko-Świebodzin;Obrzyca (156);52 14 34;15 32 43;88.0;52.24277777777778;15.545277777777777
252150270;BABIMOST;Gniła Obra (1568);52 08 37;15 48 12;57.0;52.14361111111111;15.803333333333335
252150350;Kleszczewo;Obra (1878);52 27 21;15 23 23;93.0;52.45583333333334;15.389722222222222
252160050;Ryczywół;Wełna (186);52 48 57;16 50 20;70.0;52.81583333333333;16.83888888888889
252160110;Szamotuły-Baborówka;Sama (1872);52 35 04;16 38 17;74.0;52.58444444444444;16.638055555555557
252160160;Paproć;Obra (1878);52 18 16;16 10 59;77.0;52.30444444444444;16.18305555555556
252160230;Wielichowo;Obra (1878);52 06 50;16 21 23;65.0;52.11388888888889;16.35638888888889
252160350;Kopaszewo;Kanał Mosiński (1856);52 00 12;16 49 06;91.0;52.00333333333333;16.81833333333333
252160370;Wronki;Warta (18);52 41 33;16 22 23;70.0;52.692499999999995;16.373055555555556
252170060;Janowiec Wielkopolski;Wełna (186);52 45 17;17 27 44;95.0;52.75472222222222;17.46222222222222
252170110;Gniezno;Wełna (186);52 33 27;17 31 55;170.0;52.5575;17.531944444444445
252170180;Września;Wrześnica (1838);52 18 54;17 35 33;105.0;52.315;17.592499999999998
252170190;SŁUPCA;Warta (18);52 16 19;17 53 00;89.0;52.27194444444444;17.883333333333333
252170210;Kórnik;Warta (18);52 14 43;17 06 07;77.0;52.24527777777778;17.101944444444445
252170330;Nowa Wieś Podgórna;Warta (18);52 08 32;17 35 21;73.0;52.14222222222222;17.589166666666664
252170390;Gniezno II;Wełna (186);52 31 25;17 37 49;117.0;52.52361111111111;17.630277777777778
252170410;Mogilno;Noteć Zachodnia (1882);52 38 40;17 58 00;95.0;52.644444444444446;17.966666666666665
252170420;Rogowo;Wełna (186);52 43 57;17 38 36;94.0;52.7325;17.643333333333334
252180060;Pakość;Noteć (188);52 47 58;18 05 33;76.0;52.79944444444444;18.092499999999998
252180080;Kołuda Wielka;Noteć (188);52 44 09;18 08 56;88.0;52.73583333333333;18.148888888888887
252180210;Kłodawa;Rgilewka (18332);52 15 03;18 54 57;117.0;52.25083333333333;18.91583333333333
252180260;Turek;Kiełbaska (18334);52 00 37;18 29 54;115.0;52.01027777777778;18.498333333333335
252180290;Tuliszków ;Powa (18352);52 04 04;18 16 07;111.0;52.06777777777778;18.26861111111111
252180310;RADOSZEWICE;Noteć (188);52 21 43;18 42 22;110.0;52.36194444444445;18.70611111111111
252180370;Kleczew;Struga Kleczewska (183459272);52 23 13;18 10 14;98.0;52.386944444444445;18.170555555555556
252180380;Rakowo;Noteć (188);52 29 50;18 17 19;103.0;52.49722222222222;18.288611111111113
252190030;GŁODOWO;Mień (2794);52 49 50;19 14 08;104.0;52.830555555555556;19.235555555555557
252190120;Żychlin;Bzura (272);52 14 34;19 37 23;97.0;52.24277777777778;19.623055555555556
252190160;Walewice;Bzura (272);52 06 10;19 39 56;95.0;52.10277777777778;19.665555555555553
252190190;Lutocin;Skrwa (2756);52 59 05;19 45 04;129.0;52.984722222222224;19.75111111111111
252190230;Poddębice;Zgłowiączka (278);52 33 13;19 00 33;91.0;52.55361111111111;19.009166666666665
252190240;Trębki;Bzura (272);52 19 13;19 32 26;105.0;52.32027777777778;19.540555555555557
252200080;BORKOWO;Wkra (268);52 33 43;20 39 37;85.0;52.56194444444444;20.660277777777775
252200120;LEGIONOWO;Wisła (2);52 24 28;20 57 22;94.0;52.407777777777774;20.95611111111111
252200150;Warszawa-Bielany;Wisła (2);52 16 53;20 57 48;98.0;52.28138888888889;20.96333333333333
252200290;Kampinos;Bzura (272);52 16 08;20 28 21;87.0;52.26888888888889;20.472499999999997
252200350;Nacpolsk;Płonka (26876);52 30 51;20 15 05;126.0;52.51416666666667;20.25138888888889
252210020;CZARNOWO;Orz (2656);52 52 55;21 32 06;94.0;52.88194444444444;21.535
252210050;PUŁTUSK;Narew (26);52 43 39;21 05 25;95.0;52.7275;21.090277777777775
252210240;Wielgolas;Świder (256);52 02 14;21 43 26;150.0;52.03722222222222;21.723888888888887
252210290;Rybienko;Bug (266);52 34 40;21 25 45;93.0;52.57777777777778;21.429166666666667
252210320;Kozły;Bug (26714);52 27 08;21 24 33;107.0;52.452222222222225;21.409166666666664
252210330;Rząśnik Włościański;Narew (26);52 50 59;21 43 14;120.0;52.849722222222226;21.720555555555553
252220050;BRAŃSK;Nurzec (2666);52 44 31;22 49 35;125.0;52.74194444444444;22.82638888888889
252220120;TONKIELE;Bug (266);52 24 44;22 33 55;115.0;52.41222222222222;22.56527777777778
252220210;Wierzbowo Nowe;Narew (26);52 59 04;22 19 27;130.0;52.98444444444444;22.324166666666667
252220220;Tołwin;Bug (26714);52 29 57;22 57 04;175.0;52.49916666666667;22.95111111111111
252220230;Andrzejewo;Brok (2671476);52 49 24;22 11 07;117.0;52.82333333333334;22.185277777777777
252230010;NOWOSADY;Kołonna (2611316);52 58 21;23 52 44;160.0;52.972500000000004;23.878888888888888
252230030;BONDARY;Narew (26);52 56 15;23 45 16;147.0;52.9375;23.754444444444445
252230040;NAREW;Narew (26);52 54 53;23 31 09;139.0;52.914722222222224;23.519166666666667
252230060;NAREWKA;Narewka (2612);52 52 18;23 43 41;143.0;52.87166666666667;23.728055555555553
252230080;NOWE MASIEWO;Narew (26);52 50 02;23 53 50;150.0;52.83388888888889;23.897222222222222
252230090;CHRABOŁY;Orlanka (2614);52 51 44;23 11 44;127.0;52.86222222222222;23.195555555555554
252230110;HAJNÓWKA;Leśna (26652);52 43 57;23 33 37;163.0;52.7325;23.560277777777777
252230120;BIAŁOWIEŻA;Narewka (2612);52 42 26;23 50 52;163.0;52.70722222222223;23.847777777777775
252230150;Kleszczele;Nurzec (267146);52 34 20;23 19 10;160.0;52.57222222222222;23.319444444444443
252230190;CICIBÓR;Krzna (2664);52 04 37;23 06 34;144.0;52.07694444444445;23.109444444444446
252230230;NAREW;Narew (26);52 55 00;23 31 22;134.0;52.916666666666664;23.522777777777776
252230240;NAREWKA;Narewka (2612);52 51 49;23 43 30;143.0;52.86361111111111;23.724999999999998
252230250;ZAMOSZE;Narewka (2612);52 48 55;23 54 46;157.0;52.81527777777777;23.912777777777777
252230280;Jagodniki;Orlanka (2614);52 41 50;23 29 21;156.0;52.697222222222216;23.489166666666666
252230290;Bolesty;Nurzec (267146);52 44 12;23 05 27;156.0;52.736666666666665;23.090833333333332
253140010;Wolin;Cieśnina Dziwna (35);53 50 15;14 36 57;2.0;53.837500000000006;14.615833333333333
253140040;Trzebież;Zalew Szczeciński (319);53 39 47;14 30 50;1.0;53.66305555555555;14.51388888888889
253140060;Goleniów;Ina (198);53 35 38;14 53 18;34.0;53.59388888888889;14.888333333333334
253140110;Gryfino;Odra (Regalica) (19751);53 15 25;14 29 04;3.0;53.25694444444444;14.484444444444444
253150020;Witno;Cieśnina Dziwna (35);53 56 40;15 03 47;20.0;53.94444444444444;15.063055555555556
253150070;Łabędzie;Rega (42);53 39 02;15 48 33;100.0;53.650555555555556;15.809166666666668
253150130;Lisowo;Krąpiel (1988);53 25 51;15 18 05;95.0;53.43083333333333;15.301388888888889
253150190;PRZELEWICE;Płonia (1976);53 06 15;15 04 56;65.0;53.10416666666667;15.082222222222223
253150250;Drawno;Drawa (1888);53 12 47;15 46 12;76.0;53.213055555555556;15.770000000000001
253150290;Łopianów;Rega (42);53 52 32;15 15 41;32.0;53.87555555555556;15.261388888888888
253150310;Niedźwiedziska;Cieśnina Dziwna (35);53 56 58;15 04 41;20.0;53.94944444444444;15.078055555555554
253150320;Lubiana;Mała Ina (1986);53 06 16;15 19 24;68.0;53.10444444444445;15.323333333333332
253150330;Słonowice;Rega (42);53 43 01;15 43 05;105.0;53.716944444444444;15.718055555555555
253150340;Międzyrzecze;Rega (42);53 52 19;15 34 06;59.0;53.871944444444445;15.568333333333333
253150350;Radowo Małe;Rega (42);53 40 06;15 27 08;93.0;53.66833333333333;15.452222222222222
253150360;Kinowo;Rega (42);53 58 30;15 27 05;32.0;53.975;15.451388888888888
253160010;Sępolno Wielkie;Biała (188624);53 56 51;16 46 25;165.0;53.9475;16.77361111111111
253160020;Osówko;Parsęta (44);53 54 20;16 04 05;55.0;53.90555555555555;16.068055555555556
253160040;Grzmiąca;Parsęta (44);53 50 09;16 26 21;100.0;53.83583333333333;16.439166666666665
253160090;WIERZCHOWO;Drawa (1888);53 27 36;16 06 16;137.0;53.46;16.104444444444447
253160110;Jastrowie;Gwda (1886);53 25 32;16 48 50;111.0;53.425555555555555;16.81388888888889
253160260;Wicewo;Parsęta (44);53 53 15;16 07 25;47.0;53.8875;16.12361111111111
253170030;RÓŻKI-DĘBIE;Brda (292);53 53 28;17 08 53;155.0;53.89111111111111;17.148055555555555
253170060;Zapędowo;Brda (292);53 42 15;17 50 25;125.0;53.70416666666667;17.840277777777775
253170160;Sypniewo;Łobżonka (1884);53 21 52;17 19 49;128.0;53.364444444444445;17.330277777777777
253170210;Chrząstowo;Noteć (188);53 09 40;17 35 01;105.0;53.16111111111111;17.58361111111111
253170320;Lipa;Noteć (188);53 03 02;17 15 27;62.0;53.050555555555555;17.2575
253170330;Sitowiec;Krówka (29276);53 22 08;17 45 15;134.0;53.36888888888889;17.754166666666666
253170340;Iwno;Dopływ z Łankowic (188528);53 01 36;17 25 05;111.0;53.026666666666664;17.418055555555558
253170350;Czyczkowy;Wda (294);53 51 39;17 44 00;137.0;53.86083333333333;17.733333333333334
253170360;Pruszcz;Brda (292);53 26 47;17 49 32;124.0;53.44638888888888;17.825555555555557
253170370;Upiłka;Wda (294);53 56 49;17 56 49;141.0;53.94694444444444;17.946944444444444
253180020;RADOSTOWO;Wisła (2);53 59 22;18 44 50;40.0;53.989444444444445;18.747222222222224
253180040;Starogard Gdański;Wierzyca (298);53 58 56;18 32 56;85.0;53.98222222222223;18.54888888888889
253180060;Czarna Woda;Wda (294);53 50 26;18 05 34;125.0;53.84055555555556;18.092777777777776
253180090;Śliwice;Wda (294);53 42 17;18 10 33;119.0;53.70472222222222;18.175833333333333
253180150;Grudziądz;Wisła (2);53 26 15;18 42 34;25.0;53.4375;18.709444444444443
253180160;Radzyń-Fijewo;Radzyńska Struga (296692);53 22 58;18 56 49;104.0;53.382777777777775;18.946944444444444
253180170;Nowy Jasiniec;Brda (292);53 20 54;18 02 14;90.0;53.348333333333336;18.037222222222223
253180220;Bydgoszcz;Brda (292);53 10 25;18 02 45;55.0;53.17361111111111;18.045833333333334
253180260;Lubiewo;Brda (292);53 27 50;18 01 30;116.0;53.46388888888889;18.025
253180270;Skórcz-Ryzowie;Wierzyca (298);53 47 18;18 32 13;85.0;53.788333333333334;18.536944444444448
253180280;Brzozowo;Wisła (2);53 18 44;18 25 29;85.0;53.31222222222222;18.424722222222222
253190030;Dobrocin;Drwęca (28);53 54 30;19 49 41;118.0;53.90833333333333;19.828055555555554
253190070;Prabuty;Nogat (52);53 44 22;19 12 54;100.0;53.739444444444445;19.215
253190220;LIDZBARK;Wel (286);53 15 16;19 49 27;140.0;53.254444444444445;19.824166666666667
253190260;OSTROWITE;Drwęca (28);53 25 12;19 16 27;101.0;53.419999999999995;19.274166666666666
253190310;Kuligi;Wel (286);53 25 51;19 41 28;96.0;53.43083333333333;19.691111111111113
253190360;Najmowo;Osa (296);53 18 30;19 19 36;104.0;53.30833333333333;19.326666666666668
253190370;Bągart;Elbląg (54);53 59 30;19 23 04;0.0;53.99166666666667;19.384444444444444
253190380;Lubstyn;Drwęca (28);53 31 39;19 50 44;200.0;53.527499999999996;19.845555555555553
253200040;Gietrzwałd;Pasłęka (56);53 45 05;20 14 41;107.0;53.75138888888889;20.244722222222222
253200080;Jemiołowo;Pasłęka (56);53 33 42;20 17 58;175.0;53.56166666666666;20.299444444444447
253200140;Wielbark;Sawica (26542);53 24 22;20 56 14;127.0;53.40611111111111;20.93722222222222
253200290;Bagienice;Orzyc (2658);53 15 18;20 51 29;130.0;53.255;20.858055555555556
253210130;SZCZYTNO;Omulew (2654);53 34 37;21 00 44;160.0;53.57694444444445;21.01222222222222
253210170;ROZOGI;Szkwa (26518);53 29 29;21 22 46;130.0;53.49138888888889;21.379444444444445
253210180;PTAKI;Pisa (264);53 23 26;21 47 41;112.0;53.39055555555556;21.794722222222223
253210210;MYSZYNIEC;Rozoga (2652);53 23 04;21 21 01;120.0;53.38444444444444;21.35027777777778
253210220;DOBRYLAS;Pisa (264);53 17 47;21 49 38;104.0;53.296388888888885;21.827222222222222
253210260;ZARUZIE;Ruż (26516);53 08 51;21 48 09;87.0;53.1475;21.802500000000002
253210280;DOBRYLAS;Pisa (264);53 17 07;21 51 53;102.0;53.28527777777778;21.864722222222223
253210290;PTAKI;Pisa (264);53 23 35;21 47 30;107.0;53.393055555555556;21.791666666666668
253210350;TYSZKI-WĄDOŁOWO;Skroda (26498);53 26 52;21 59 03;152.0;53.44777777777777;21.984166666666667
253210370;ŚWIĘTAJNO;Szkwa (26518);53 33 49;21 13 41;142.0;53.56361111111111;21.228055555555553
253210380;Turowo;Pisa (264);53 31 43;21 54 06;141.0;53.52861111111111;21.901666666666664
253210390;Mikosze-Osada;Orzysza (26458);53 48 58;21 54 28;124.0;53.816111111111105;21.907777777777778
253210410;Targowo;Krutynia (264326);53 41 43;21 01 43;165.0;53.695277777777775;21.02861111111111
253220070;BIEBRZA;Ełk (2628);53 39 02;22 34 42;115.0;53.650555555555556;22.578333333333333
253220080;DĘBOWO;Biebrza (262);53 36 38;22 55 50;115.0;53.61055555555556;22.930555555555557
253220120;OSOWIEC;Biebrza (262);53 28 57;22 38 45;110.0;53.4825;22.645833333333332
253220130;RADZIŁÓW;Wissa (26296);53 24 50;22 24 19;115.0;53.413888888888884;22.405277777777776
253220160;BURZYN;Biebrza (262);53 16 43;22 27 15;120.0;53.27861111111111;22.454166666666666
253220210;TYKOCIN;Narew (26);53 12 16;22 46 14;109.0;53.20444444444445;22.770555555555553
253220220;ZAWADY;Ślina (26194);53 09 25;22 40 24;110.0;53.15694444444444;22.673333333333336
253220270;JABŁONOWO-WYPYCHY;Narew (26);53 01 47;22 45 01;130.0;53.02972222222222;22.75027777777778
253220310;MOŃKI;Nereśl (2618);53 24 01;22 47 47;175.0;53.400277777777774;22.79638888888889
253220330;MARIANOWO II;Narew (26);53 12 43;22 06 21;138.0;53.21194444444445;22.105833333333333
253220360;Biernatki;Netta (2622);53 52 04;22 51 12;136.0;53.867777777777775;22.853333333333335
253220370;Sawino;Narew (26);53 10 08;22 51 53;118.0;53.16888888888889;22.864722222222223
253230020;RÓŻANYSTOK;Sidra (26214);53 38 07;23 24 05;160.0;53.63527777777778;23.40138888888889
253230030;JANÓW;Brzozówka (2624);53 27 35;23 13 46;161.0;53.459722222222226;23.229444444444443
253230060;JAŁÓWKA;Sokołda (26162);53 21 14;23 20 26;170.0;53.35388888888889;23.340555555555554
253230110;FASTY;Supraśl (2616);53 10 39;23 01 33;114.0;53.177499999999995;23.02583333333333
253230160;SUPRAŚL;Supraśl (2616);53 12 39;23 19 57;137.0;53.21083333333333;23.3325
253230170;NOWOSIÓŁKI;Supraśl (2616);53 10 30;23 31 35;132.0;53.175;23.52638888888889
253230180;Drahle;Sokołda (26162);53 23 08;23 33 18;162.0;53.385555555555555;23.555
253230230;Zarzeczany;Supraśl (2616);53 06 06;23 41 04;146.0;53.10166666666667;23.684444444444445
253230250;Śluza Tartak;Czarna Hańcza (64);53 52 57;23 27 42;;53.8825;23.461666666666666
254140010;Dziwnów;Morze Bałtyckie (0);54 01 20;14 43 54;3.0;54.02222222222222;14.731666666666667
254150050;Białogard;Parsęta (44);54 00 15;15 58 30;23.0;54.00416666666667;15.975
254150060;Gąski;Czerwona (454);54 14 17;15 55 02;8.0;54.238055555555555;15.917222222222222
254160020;Darłowo;Wieprza (46);54 25 60;16 22 06;12.0;54.43333333333333;16.368333333333332
254160030;Sławno;Wieprza (46);54 21 06;16 40 13;25.0;54.35166666666667;16.67027777777778
254160040;Jeżyczki;Wieprza (46);54 20 05;16 23 26;10.0;54.334722222222226;16.390555555555554
254160060;Sierakowo;Wieprza (46);54 12 59;16 30 59;50.0;54.21638888888889;16.51638888888889
254160080;Polanów;Wieprza (46);54 07 07;16 40 59;80.0;54.118611111111115;16.68305555555556
254160110;Miastko;Wieprza (46);54 00 56;16 58 49;160.0;54.01555555555556;16.980277777777776
254160130;Ciecholub;Wieprza (46);54 10 22;16 52 28;115.0;54.172777777777775;16.874444444444446
254160140;Kłanino;Parsęta (44);54 01 39;16 28 70;114.0;54.027499999999996;16.48611111111111
254160150;Mokre;Ząbrza (456182);54 10 13;16 24 06;76.0;54.17027777777778;16.401666666666664
254170020;Smołdzino;Łupawa (474);54 40 02;17 12 06;4.0;54.66722222222222;17.201666666666664
254170040;Karżniczka;Łupawa (474);54 29 15;17 13 43;75.0;54.487500000000004;17.22861111111111
254170060;Mikorowo;Łeba (476);54 24 30;17 34 50;117.0;54.40833333333333;17.580555555555556
254170070;Bukowina;Łupawa (474);54 25 20;17 50 36;155.0;54.42222222222222;17.843333333333334
254170130;Niezabyszewo;Słupia (472);54 08 18;17 25 24;160.0;54.138333333333335;17.423333333333336
254170140;Kościerzyna;Wierzyca (298);54 07 43;17 57 43;190.0;54.12861111111111;17.961944444444445
254170190;Słupsk;Słupia (472);54 27 48;17 02 08;17.0;54.46333333333334;17.035555555555558
254170210;Borucino;Radunia (4868);54 15 13;17 59 30;;54.25361111111111;17.991666666666667
254170280;Struszewo;Słupia (472);54 10 44;17 21 26;131.0;54.178888888888885;17.357222222222223
254170310;Objezierze;Słupia (472);54 18 01;17 04 04;142.0;54.30027777777777;17.067777777777778
254170320;  ;Łupawa (474);54 17 08;17 38 13;151.0;54.285555555555554;17.636944444444445
254170330;Tuchomko;Słupia (472);54 07 53;17 22 06;;54.13138888888889;17.368333333333332
254180010;Rozewie;Bałtyk (0);54 49 46;18 20 08;54.0;54.82944444444445;18.335555555555555
254180050;Wejherowo;Reda (478);54 35 54;18 16 13;22.0;54.598333333333336;18.27027777777778
254180060;Gdynia;Bałtyk (0);54 31 08;18 33 34;2.0;54.51888888888889;18.559444444444445
254180070;Tępcz;Łeba (476);54 30 27;18 02 20;178.0;54.5075;18.03888888888889
254180090;Gdańsk-Rębiechowo;Morze Bałtyckie (0);54 22 16;18 29 12;146.0;54.37111111111111;18.486666666666668
254180130;Goręczyno;Radunia (4868);54 15 43;18 09 45;177.0;54.261944444444445;18.162499999999998
254180140;Ostrzyce-Brodnica Górna;Radunia (4868);54 16 28;18 05 29;213.0;54.27444444444444;18.091388888888886
254180260;Gdańsk-Port Północny;Bałtyk (0);54 23 59;18 41 52;2.0;54.39972222222222;18.697777777777777
254180270;Zelewo;Reda (478);54 37 23;18 04 31;43.0;54.62305555555555;18.075277777777778
254180280;Szemud;Reda (478);54 29 35;18 12 49;154.0;54.49305555555556;18.21361111111111
254180290;Szymankowo;Święta (1974398);54 04 27;18 55 53;3.0;54.07416666666667;18.93138888888889
254190020;Nowa Pasłęka;Zalew Wiślany (5119);54 25 34;19 44 49;2.0;54.42611111111111;19.746944444444445
254190050;Frombork;Zalew Wiślany (5119);54 21 37;19 40 38;2.0;54.36027777777778;19.677222222222223
254190070;Tolkmicko;Zalew Wiślany (5119);54 19 31;19 31 21;2.0;54.32527777777778;19.522499999999997
254190080;Pierzchały;Pasłęka (56);54 18 02;19 50 57;11.0;54.300555555555555;19.849166666666665
254190120;Kmiecin;Szkarpawa (514);54 11 16;19 09 50;0.0;54.187777777777775;19.163888888888888
254190150;SŁOBITY;Zalew Wiślany (5119);54 07 47;19 45 05;55.0;54.12972222222222;19.75138888888889
254190160;Pasłęk;Wąska (5456);54 04 07;19 38 10;14.0;54.06861111111112;19.63611111111111
254190190;Elbląg;Elbląg (54);54 09 43;19 25 53;39.0;54.161944444444444;19.43138888888889
254190230;Rogity;Pasłęka (56);54 23 21;19 51 41;8.0;54.38916666666667;19.86138888888889
254200040;BARTOSZYCE;Łyna (584);54 14 25;20 47 52;59.0;54.24027777777778;20.797777777777778
254200050;Bornity;Wałsza (568);54 11 04;20 03 03;47.0;54.18444444444444;20.050833333333333
254200070;KASZUNY;Drwęca Warmińska (566);54 09 30;20 20 23;89.0;54.15833333333333;20.33972222222222
254200080;LIDZBARK WARMIŃSKI;Łyna (584);54 08 09;20 35 10;90.0;54.13583333333333;20.58611111111111
254200140;Osieka;Łyna (584);54 12 32;20 46 57;74.0;54.20888888888889;20.7825
254210020;WĘGORZEWO;Węgorapa (582);54 13 26;21 44 05;116.0;54.223888888888894;21.734722222222224
254220020;ŻABIN;Węgorapa (582);54 19 17;22 02 17;110.0;54.32138888888889;22.03805555555556
254220030;GOŁDAP;Gołdapa (5824);54 18 30;22 16 07;159.0;54.30833333333333;22.26861111111111
254220060;BANIE MAZURSKIE;Gołdapa (5824);54 15 06;22 01 23;110.0;54.251666666666665;22.023055555555555
254220090;OLECKO;Jez. Olecko Wielkie (2626139);54 02 51;22 29 13;182.0;54.0475;22.486944444444447
254220120;Przerośl;Błędzianka (5828);54 15 29;22 39 35;215.0;54.25805555555556;22.65972222222222
254230040;Podwojponie;Szeszupa (68);54 18 01;23 07 10;207.0;54.30027777777777;23.119444444444444
349190600;Bielsko-Biała;Biała (2114);49 48 24;19 00 08;396.0;49.806666666666665;19.002222222222223
349190625;Zakopane;Dunajec (214);49 17 38;19 57 37;852.0;49.29388888888889;19.960277777777776
349190650;KASPROWY WIERCH;Dunajec (214);49 13 57;19 58 55;1990.0;49.2325;19.981944444444444
349200628;Hala Gąsienicowa;Dunajec (214);49 14 38;20 00 21;1523.0;49.24388888888889;20.00583333333333
349200660;NOWY SĄCZ;Dunajec (214);49 37 38;20 41 19;292.0;49.62722222222222;20.68861111111111
349210670;KROSNO;Wisłok (226);49 42 24;21 46 09;330.0;49.70666666666667;21.769166666666667
349220690;LESKO;San (22);49 27 59;22 20 30;420.0;49.46638888888889;22.341666666666665
349220695;PRZEMYŚL;San (22);49 48 15;22 46 19;279.0;49.80416666666667;22.771944444444443
350150500;Jelenia Góra;Bóbr (16);50 54 01;15 47 20;342.0;50.900277777777774;15.78888888888889
350150510;Śnieżka;Łomniczka (16184);50 44 11;15 44 23;1603.0;50.73638888888889;15.739722222222222
350160520;Kłodzko;Nysa Kłodzka (12);50 26 13;16 36 51;356.0;50.43694444444444;16.61416666666667
350170530;Opole;Odra (1);50 37 37;17 58 08;163.0;50.62694444444445;17.968888888888888
350180540;Racibórz;Odra (1);50 03 40;18 11 27;206.0;50.06111111111111;18.190833333333334
350190550;Częstochowa;Warta (18);50 48 43;19 05 30;293.0;50.81194444444444;19.091666666666665
350190560;KATOWICE-MUCHOWIEC;Rawa (21268);50 14 26;19 01 58;278.0;50.24055555555556;19.032777777777778
350190566;Kraków-Balice;Wisła (2);50 04 40;19 47 42;236.0;50.07777777777778;19.795
350200570;KIELCE-SUKÓW;Czarna Nida (2164);50 48 38;20 41 32;260.0;50.81055555555555;20.692222222222224
350200575;TARNÓW;Biała (2148);50 01 32;20 56 31;210.0;50.025555555555556;20.941944444444445
350210585;SANDOMIERZ;Wisła (2);50 41 48;21 42 57;217.0;50.696666666666665;21.715833333333332
350220580;RZESZÓW-JASIONKA;Wisłok (226);50 06 39;22 02 32;206.0;50.11083333333333;22.042222222222225
350230595;Zamość;Wieprz (24);50 41 54;23 12 20;223.0;50.69833333333333;23.205555555555556
351150400;Zielona Góra;Odra (1);51 55 48;15 31 29;192.0;51.93;15.524722222222223
351160415;Legnica;Kaczawa (138);51 11 33;16 12 28;123.0;51.192499999999995;16.20777777777778
351160418;Leszno;Strzyżewicki Rów (14884);51 50 08;16 32 05;91.0;51.83555555555556;16.534722222222225
351160424;Wrocław-Strachowice;Odra (1);51 06 12;16 54 00;120.0;51.10333333333333;16.9
351160425;WROCŁAW;Odra (1);51 06 49;16 52 54;120.0;51.11361111111111;16.881666666666668
351180435;Kalisz;Prosna (184);51 46 52;18 04 51;137.0;51.78111111111111;18.080833333333334
351180455;Wieluń;Warta (18);51 12 37;18 33 24;199.0;51.21027777777778;18.55666666666667
351190465;Łódź-Lublinek;Ner (1832);51 43 06;19 23 14;174.0;51.718333333333334;19.38722222222222
351190469;Sulejów;Pilica (254);51 21 12;19 51 59;188.0;51.35333333333333;19.866388888888892
351210488;Kozienice;Wisła (2);51 33 53;21 32 37;123.0;51.56472222222222;21.54361111111111
351220495;LUBLIN-RADAWIEC;Bystrzyca (246);51 13 00;22 23 35;238.0;51.21666666666667;22.393055555555556
351230497;Włodawa;Bug (266);51 33 12;23 31 46;177.0;51.55333333333333;23.529444444444444
352140310;Słubice;Odra (1);52 20 55;14 37 11;53.0;52.34861111111111;14.619722222222222
352150300;Gorzów Wlkp.;Warta (18);52 44 28;15 16 38;71.0;52.74111111111111;15.277222222222223
352160330;Poznań-Ławica;Warta (18);52 25 00;16 50 05;88.0;52.416666666666664;16.834722222222222
352180345;Koło-Radoszewice;Noteć (188);52 21 43;18 42 22;109.0;52.36194444444445;18.70611111111111
352190360;PŁOCK;Wisła (2);52 35 18;19 43 33;106.0;52.58833333333334;19.72583333333333
352200375;Warszawa;Wisła (2);52 09 46;20 57 40;106.0;52.16277777777778;20.961111111111112
352220385;SIEDLCE;Liwiec (2668);52 10 52;22 14 41;152.0;52.18111111111111;22.244722222222222
352230399;TERESPOL;Bug (266);52 04 43;23 37 19;133.0;52.078611111111115;23.621944444444445
353140200;Świnoujście;Bałtyk (0);53 55 24;14 14 32;4.0;53.92333333333333;14.242222222222221
353140205;Szczecin;Odra (1);53 23 43;14 37 22;1.0;53.39527777777778;14.622777777777777
353150210;Resko-Smólsko;Rega (42);53 45 49;15 23 36;52.0;53.76361111111111;15.393333333333333
353160215;Szczecinek;Gwda (1886);53 43 04;16 44 48;139.0;53.717777777777776;16.746666666666666
353160230;Piła;Gwda (1886);53 07 50;16 44 50;72.0;53.13055555555555;16.747222222222224
353170235;Chojnice;Brda (292);53 42 55;17 31 57;164.0;53.71527777777778;17.5325
353180250;Toruń;Wisła (2);53 02 31;18 35 44;69.0;53.04194444444444;18.595555555555553
353180255;Kwidzyn;Liwa (522);53 44 03;18 52 18;;53.73416666666667;18.871666666666666
353200270;MŁAWA;Wkra (268);53 06 15;20 21 40;147.0;53.10416666666667;20.361111111111114
353200272;OLSZTYN;Łyna (584);53 46 07;20 25 17;133.0;53.76861111111111;20.42138888888889
353210280;MIKOŁAJKI;Jez. Mikołajskie (26439);53 47 21;21 35 23;127.0;53.78916666666667;21.58972222222222
353210285;OSTROŁĘKA;Narew (26);53 03 57;21 32 02;94.0;53.06583333333333;21.53388888888889
353230295;BIAŁYSTOK;Biała (26168);53 06 26;23 09 44;148.0;53.10722222222223;23.16222222222222
354150100;Kołobrzeg-Dźwirzyno;Jez. Resko Przymorskie (43219);54 09 30;15 23 20;4.0;54.15833333333333;15.38888888888889
354160105;Koszalin;Dzierżęcinka (45614);54 12 16;16 09 19;33.0;54.20444444444445;16.155277777777776
354160115;Ustka;Bałtyk (0);54 35 18;16 51 15;3.0;54.58833333333334;16.854166666666668
354170120;Łeba;Łeba (476);54 45 13;17 32 05;1.0;54.75361111111111;17.534722222222225
354170125;Lębork;Łeba (476);54 33 11;17 45 25;39.0;54.55305555555555;17.756944444444443
354180135;Hel;Bałtyk (0);54 36 13;18 48 43;1.0;54.603611111111114;18.811944444444446
354180155;Gdańsk-Świbno;Wisła (2);54 20 01;18 56 04;7.0;54.33361111111111;18.934444444444445
354190160;Elbląg-Milejewo;Elbląg (54);54 13 24;19 32 37;189.0;54.223333333333336;19.54361111111111
354210185;KĘTRZYN;Guber (5848);54 04 02;21 22 00;107.0;54.06722222222223;21.366666666666667
354220195;SUWAŁKI;Czarna Hańcza (64);54 07 51;22 56 56;184.0;54.130833333333335;22.948888888888888
