ID;Nazwa;Rzeka;Szerokośćgeograficzna;Długośćgeograficzna;Wysokośćnpm;Powiat;lat_dec;lon_dec
149180010;Krzyżanowice;Odra (1);49 59 37;18 17 14;;raciborski;49.993611111111115;18.287222222222223
149180020;Chałupki;Odra (1);49 55 19;18 19 40;;kraj morawsko-śląski;49.92194444444444;18.32777777777778
149180030;Łaziska;Olza (114);49 55 28;18 26 35;;wodzisławski;49.92444444444444;18.443055555555556
149180040;Gołkowice;Szotkówka (1148);49 55 33;18 29 47;;wodzisławski;49.92583333333333;18.49638888888889
149180050;Zebrzydowice;Piotrówka (1146);49 52 48;18 36 48;;cieszyński;49.88;18.613333333333333
149180060;Cieszyn;Olza (114);49 44 45;18 37 47;;cieszyński;49.74583333333334;18.629722222222224
149180070;Cieszyn;Młynówka (11448);49 44 46;18 37 53;;cieszyński;49.74611111111111;18.63138888888889
149180080;DROGOMYŚL;Wisła (2);49 53 09;18 44 58;;cieszyński;49.88583333333333;18.749444444444446
149180090;MIZERÓW-BORKI;Pszczynka (2116);49 59 56;18 46 07;;pszczyński;49.99888888888889;18.76861111111111
149180100;SKOCZÓW;Wisła (2);49 48 12;18 47 30;;cieszyński;49.80333333333333;18.791666666666668
149180110;Ustroń-Obłaziec;Wisła (2);49 40 50;18 51 01;;cieszyński;49.68055555555555;18.85027777777778
149180120;Górki Wielkie;Brennica (21114);49 46 21;18 51 09;;cieszyński;49.7725;18.852500000000003
149180130;Istebna;Olza (114);49 34 19;18 53 34;;cieszyński;49.57194444444445;18.892777777777777
149180140;Wisła;Wisła (2);49 37 55;18 54 03;;cieszyński;49.63194444444444;18.90083333333333
149180160;Wisła-Czarne;Wisła (2);49 37 08;18 55 07;;cieszyński;49.61888888888889;18.91861111111111
149180180;Wisła-Czarne (Biała Wisełka);Biała Wisełka (2111152);49 37 05;18 56 08;;cieszyński;49.61805555555556;18.935555555555556
149180200;Wisła-Czarne (Czarna Wisełka);Wisła (2);49 36 27;18 55 34;;cieszyński;49.6075;18.926111111111112
149180210;Zabrzeg;Wisła (2);49 55 31;18 56 07;;bielski;49.92527777777777;18.935277777777777
149180220;Pszczyna;Pszczynka (2116);49 58 45;18 56 45;;pszczyński;49.97916666666667;18.945833333333333
149180230;Podkępie;Wapienica (21128);49 53 44;18 58 39;;bielski;49.89555555555555;18.9775
149180240;Goczałkowice;Wisła (2);49 55 54;18 59 09;;bielski;49.931666666666665;18.985833333333336
149180250;CZECHOWICE-DZIEDZICE;Iłownica (2112);49 54 49;18 59 11;;bielski;49.91361111111111;18.98638888888889
149180300;Olza;Odra (1);49 57 17;18 19 35;;wodzisławski;49.95472222222222;18.32638888888889
149190010;CZECHOWICE-BESTWINA;Biała (2114);49 53 29;19 01 49;;bielski;49.89138888888889;19.030277777777776
149190020;KAMESZNICA;Bystra (213232);49 34 05;19 04 11;;żywiecki;49.56805555555556;19.06972222222222
149190030;MIKUSZOWICE;Biała (2114);49 46 46;19 04 27;;bielski;49.779444444444444;19.074166666666667
149190040;UJSOŁY;Woda Ujsolska (21322);49 29 33;19 07 02;;żywiecki;49.4925;19.11722222222222
149190050;RAJCZA;Soła (2132);49 30 50;19 06 59;;żywiecki;49.513888888888886;19.116388888888892
149190060;JAWISZOWICE;Wisła (2);49 58 21;19 07 19;;oświęcimski;49.972500000000004;19.121944444444445
149190070;ŁODYGOWICE;Żylica (213274);49 43 38;19 08 10;;żywiecki;49.727222222222224;19.13611111111111
149190080;CIĘCINA;Soła (2132);49 37 29;19 08 56;;żywiecki;49.624722222222225;19.148888888888887
149190090;ŻABNICA;Żabniczanka (213234);49 33 53;19 10 49;;żywiecki;49.56472222222222;19.18027777777778
149190100;ŻYWIEC;Soła (2132);49 41 11;19 11 36;;żywiecki;49.686388888888885;19.193333333333335
149190120;CZANIEC-KOBIERNICE;Soła (2132);49 50 54;19 13 40;;bielski;49.848333333333336;19.227777777777778
149190140;ŁĘKAWICA;Łękawka (213278);49 42 42;19 15 44;;żywiecki;49.711666666666666;19.26222222222222
149190150;PEWEL MAŁA;Koszarawa (21324);49 39 31;19 18 20;;żywiecki;49.65861111111111;19.305555555555557
149190160;RUDZE;Wieprzówka (21348);49 57 42;19 26 33;;oświęcimski;49.961666666666666;19.4425
149190170;ZATOR;Skawa (2134);49 59 57;19 26 44;;oświęcimski;49.99916666666667;19.445555555555554
149190180;WADOWICE;Skawa (2134);49 52 38;19 30 40;;wadowicki;49.87722222222222;19.511111111111113
149190200;SUCHA BESKIDZKA;Stryszawka (21346);49 44 36;19 36 04;;suski;49.74333333333333;19.601111111111113
149190210;SUCHA BESKIDZKA;Skawa (2134);49 44 22;19 36 31;;suski;49.739444444444445;19.608611111111113
149190220;SKAWICA DOLNA;Skawica (21344);49 41 10;19 39 49;;suski;49.68611111111111;19.66361111111111
149190230;CZERNICHÓW-PROM;Wisła (2);49 58 53;19 39 47;;krakowski;49.981388888888894;19.663055555555555
149190250;JABŁONKA;Piekielnik (82224);49 28 20;19 41 43;;nowotarski;49.47222222222222;19.69527777777778
149190260;OSIELEC;Skawa (2134);49 41 00;19 44 21;;suski;49.68333333333333;19.739166666666666
149190270;RADZISZÓW;Skawinka (21356);49 56 24;19 48 32;;krakowski;49.94;19.80888888888889
149190280;KONIÓWKA;Dunajec (214);49 23 44;19 49 05;;nowotarski;49.39555555555555;19.818055555555556
149190290;JORDANÓW;Skawa (2134);49 38 11;19 49 48;;suski;49.63638888888889;19.83
149190300;KOŚCIELISKO-KIRY;Kirowa Woda (214112);49 16 33;19 52 05;;tatrzański;49.27583333333333;19.868055555555557
149190310;STRÓŻA;Raba (2138);49 47 49;19 55 29;;myślenicki;49.79694444444444;19.924722222222222
149190320;ZAKOPANE-DOL.STRĄŻYSKA;Młyniska (214122);49 16 34;19 56 08;;tatrzański;49.27611111111111;19.935555555555556
149190340;RABKA 2;Raba (2138);49 36 49;19 56 56;;nowotarski;49.61361111111111;19.948888888888888
149190350;KRZCZONÓW;Krzczonówka (213836);49 44 12;19 57 14;;myślenicki;49.736666666666665;19.953888888888887
149190360;LUDŹMIERZ ;Lepietnica (2141156);49 28 07;19 58 32;;nowotarski;49.468611111111116;19.975555555555555
149190370;LUBIEŃ;Lubieńka (213834);49 43 11;19 58 42;;myślenicki;49.719722222222224;19.97833333333333
149190380;ZAKOPANE-HARENDA;Biały Dunajec (21412);49 18 58;19 58 39;;tatrzański;49.316111111111105;19.9775
149190390;LUDŹMIERZ;Wielki Rogoźnik (214116);49 27 34;19 59 12;;nowotarski;49.45944444444445;19.986666666666668
149190480;Zembrzyce;Paleczka (2134732);49 46 20;19 37 00;;suski;49.77222222222222;19.616666666666667
149190490;Bystra 2;Bystrzanka (21342);49 39 06;19 47 01;;suski;49.651666666666664;19.783611111111114
149190500;Rzyki;Wieprzówka (21348);49 49 25;19 22 36;;wadowicki;49.82361111111111;19.37666666666667
149190510;Brody;Cedron (213568);49 51 59;19 41 41;;wadowicki;49.86638888888889;19.69472222222222
149200010;PORONIN;Poroniec (214128);49 20 14;20 00 11;;tatrzański;49.33722222222222;20.003055555555555
149200020;SZAFLARY;Biały Dunajec (21412);49 25 27;20 01 29;;nowotarski;49.424166666666665;20.02472222222222
149200030;NOWY TARG;Dunajec (214);49 29 04;20 01 52;;nowotarski;49.48444444444444;20.03111111111111
149200040;KASINKA MAŁA;Raba (2138);49 42 17;20 01 57;;limanowski;49.70472222222222;20.0325
149200050;NOWY TARG-KOWANIEC;Dunajec (214);49 29 13;20 03 13;;nowotarski;49.48694444444445;20.053611111111113
149200060;MSZANA DOLNA;Raba (2138);49 39 29;20 03 33;;limanowski;49.658055555555556;20.059166666666666
149200080;MSZANA DOLNA;Mszanka (21382);49 40 29;20 04 46;;limanowski;49.67472222222222;20.079444444444444
149200090;DOBCZYCE;Raba (2138);49 53 01;20 05 10;;myślenicki;49.88361111111111;20.08611111111111
149200100;ŁYSA POLANA;Białka (214154);49 15 49;20 06 54;;tatrzański;49.26361111111111;20.115000000000002
149200110;TRYBSZ 2;Białka (214154);49 25 04;20 07 03;;nowotarski;49.41777777777777;20.1175
149200120;NIEDZICA;Niedziczanka (214172);49 24 41;20 18 08;;nowotarski;49.41138888888889;20.302222222222223
149200130;STRADOMKA;Stradomka (21388);49 55 14;20 18 30;;bocheński;49.92055555555555;20.308333333333334
149200140;SROMOWCE WYŻNE;Dunajec (214);49 24 02;20 21 14;;nowotarski;49.400555555555556;20.35388888888889
149200150;TYLMANOWA;Ochotnica (2141976);49 31 02;20 23 13;;nowotarski;49.51722222222222;20.386944444444445
149200160;KROŚCIENKO;Dunajec (214);49 26 30;20 25 46;;nowotarski;49.44166666666666;20.429444444444446
149200170;PROSZÓWKI;Raba (2138);49 59 47;20 26 18;;bocheński;49.99638888888889;20.438333333333333
149200180;SZCZAWNICA;Grajcarek (214196);49 25 13;20 29 36;;nowotarski;49.42027777777778;20.493333333333336
149200190;GOŁKOWICE;Dunajec (214);49 32 59;20 34 12;;nowosądecki;49.54972222222222;20.57
149200200;JAKUBKOWICE;Łososina (214734);49 44 22;20 37 48;;nowosądecki;49.739444444444445;20.63
149200220;STARY SĄCZ;Poprad (2142);49 34 07;20 39 35;;nowy sącz;49.56861111111112;20.65972222222222
149200230;CZCHÓW;Dunajec (214);49 48 59;20 40 55;;brzeski;49.81638888888889;20.681944444444447
149200240;NOWY SĄCZ;Dunajec (214);49 37 38;20 41 14;;nowy sącz;49.62722222222222;20.68722222222222
149200250;NOWY SĄCZ;Kamienica (21432);49 37 31;20 41 45;;nowy sącz;49.625277777777775;20.695833333333333
149200260;NOWY SĄCZ;Łubinka (21434);49 38 07;20 42 17;;nowy sącz;49.63527777777778;20.704722222222223
149200270;ŁABOWA;Kamienica (21432);49 31 35;20 51 32;;nowosądecki;49.52638888888889;20.85888888888889
149200280;ZGŁOBICE;Dunajec (214);49 58 30;20 52 47;;tarnowski;49.975;20.879722222222224
149200290;MUSZYNA-MILIK;Poprad (2142);49 21 00;20 53 07;;nowosądecki;49.35;20.885277777777777
149200300;MUSZYNA;Poprad (2142);49 20 22;20 53 31;;nowosądecki;49.339444444444446;20.891944444444444
149200310;GRYBÓW;Biała (2148);49 37 26;20 56 45;;nowosądecki;49.62388888888889;20.945833333333333
149200320;KOSZYCE WIELKIE;Biała (2148);49 59 50;20 56 58;;tarnów;49.99722222222222;20.949444444444445
149200330;CIĘŻKOWICE;Biała (2148);49 47 32;20 58 25;;tarnowski;49.79222222222222;20.973611111111108
149200520;Pierzchów;Królewski Potok (213892);49 56 03;20 16 48;;wielicki;49.93416666666666;20.279999999999998
149200530;Skrzynka;Krzyworzeka (213874);49 52 29;20 07 58;380.0;myślenicki;49.874722222222225;20.13277777777778
149200540;Gdów 2;Raba (2138);49 54 05;20 12 42;;wielicki;49.90138888888889;20.211666666666666
149209990;Piekiełko;Łososina (214734);49 44 58;20 20 45;;limanowski;49.74944444444444;20.34583333333333
149210010;ROPA;Ropa (2182);49 35 09;21 02 47;;gorlicki;49.58583333333333;21.04638888888889
149210020;GORLICE;Sękówka (21826);49 39 17;21 10 13;;gorlicki;49.65472222222222;21.17027777777778
149210030;KLĘCZANY;Ropa (2182);49 42 05;21 13 00;;gorlicki;49.70138888888889;21.216666666666665
149210040;ŁABUZIE;Wisłoka (218);49 59 16;21 18 35;;dębicki;49.98777777777778;21.309722222222224
149210050;KRAJOWICE;Wisłoka (218);49 46 20;21 24 45;;jasielski;49.77222222222222;21.412499999999998
149210060;TOPOLINY;Ropa (2182);49 43 29;21 26 36;;jasielski;49.724722222222226;21.443333333333335
149210070;ŻÓŁKÓW;Wisłoka (218);49 43 48;21 27 33;;jasielski;49.730000000000004;21.459166666666665
149210080;JASŁO;Jasiołka (2184);49 45 01;21 28 23;;jasielski;49.750277777777775;21.473055555555554
149210090;KREMPNA-KOTAŃ;Wisłoka (218);49 30 59;21 29 03;;jasielski;49.51638888888889;21.484166666666667
149210100;ZBOISKA;Jasiołka (2184);49 34 28;21 41 54;;krośnieński;49.574444444444445;21.698333333333334
149210110;KROSNO;Wisłok (226);49 41 38;21 46 29;;krosno;49.693888888888885;21.77472222222222
149210120;GODOWA;Stobnica (2264);49 50 55;21 48 42;;strzyżowski;49.84861111111111;21.811666666666667
149210130;ŻARNOWA;Wisłok (226);49 52 40;21 49 03;;strzyżowski;49.87777777777778;21.8175
149210140;ISKRZYNIA;Morwawa (2262);49 40 38;21 51 52;;krośnieński;49.67722222222222;21.864444444444445
149210150;PUŁAWY;Wisłok (226);49 29 24;21 54 24;;krośnieński;49.49;21.906666666666666
149210160;SIENIAWA;Wisłok (226);49 34 04;21 55 48;;krośnieński;49.56777777777778;21.93
149210180;Kunkowa;Przysłopianka (218232);49 32 57;21 07 31;;gorlicki;49.549166666666665;21.12527777777778
149210190;Uście Gorlickie;Ropa (2182);49 31 11;21 08 27;;gorlicki;49.51972222222222;21.140833333333333
149210200;Uście Gorlickie;Zdynia (218218);49 31 03;21 08 37;;gorlicki;49.5175;21.14361111111111
149210210;Pastwiska;Wisłok (226);49 31 20;21 55 42;;sanocki;49.52222222222222;21.928333333333335
149210450;Darów;Wisłok (226);49 26 37;21 54 38;;krośnieński;49.44361111111111;21.910555555555554
149210460;Odrzechowa;Odrzechowski (226156);49 32 45;21 57 05;;sanocki;49.545833333333334;21.95138888888889
149210470;Miejsce Piastowe;Lubatówka (22632);49 37 52;21 46 50;;krośnieński;49.63111111111111;21.780555555555555
149210480;Wisłok Wielki;Wisłok (226);49 24 02;21 58 46;;sanocki;49.400555555555556;21.979444444444443
149220010;NOWOSIELCE;Pielnica (22618);49 34 01;22 04 15;;sanocki;49.566944444444445;22.070833333333333
149220020;SZCZAWNE;Osława (222);49 24 13;22 09 01;;sanocki;49.40361111111111;22.150277777777777
149220030;OLCHOWCE;San (22);49 33 22;22 13 07;;sanocki;49.55611111111111;22.21861111111111
149220040;DYNÓW;San (22);49 48 03;22 14 39;;rzeszowski;49.80083333333333;22.24416666666667
149220050;ZAGÓRZ;Osława (222);49 30 48;22 16 08;;sanocki;49.513333333333335;22.26888888888889
149220060;LESKO;San (22);49 28 09;22 19 20;;leski;49.469166666666666;22.322222222222223
149220070;HOCZEW;Hoczewka (2218);49 25 26;22 19 42;;leski;49.42388888888889;22.328333333333333
149220080;CISNA;Solinka (22134);49 12 47;22 20 00;;leski;49.213055555555556;22.333333333333332
149220100;TERKA;Solinka (22134);49 17 59;22 25 45;;leski;49.29972222222222;22.429166666666667
149220110;KALNICA;Wetlina (221346);49 11 20;22 25 45;;leski;49.18888888888888;22.429166666666667
149220130;ZATWARNICA;San (22);49 14 06;22 33 47;;bieszczadzki;49.235;22.563055555555557
149220140;POLANA;Czarna (22132);49 18 09;22 34 27;;bieszczadzki;49.302499999999995;22.574166666666667
149220150;DWERNIK;San (22);49 13 07;22 37 58;;bieszczadzki;49.218611111111116;22.63277777777778
149220160;RYBOTYCZE;Wiar (224);49 39 16;22 38 18;;przemyski;49.654444444444444;22.638333333333332
149220170;KROŚCIENKO;Strwiąż (76);49 28 23;22 39 46;;bieszczadzki;49.473055555555554;22.662777777777777
149220180;STUPOSIANY;Wołosaty (22114);49 11 09;22 41 01;;bieszczadzki;49.18583333333333;22.683611111111112
149220190;PRZEMYŚL;San (22);49 47 05;22 46 02;;przemyśl;49.78472222222222;22.76722222222222
149220200;KRÓWNIKI;Wiar (224);49 46 01;22 49 23;;przemyski;49.76694444444444;22.823055555555555
149220210;NIENOWICE;Wisznia (2252);49 56 16;22 55 01;;jarosławski;49.937777777777775;22.916944444444447
149229998;Kańczuga;Mleczka (2268);49 58 48;22 25 14;;przeworski;49.980000000000004;22.420555555555556
149229999;Manasterz;Mleczka (2268);49 55 39;22 20 16;;przeworski;49.927499999999995;22.337777777777777
149230020;BUDZYŃ;Szkło (2254);49 59 05;23 07 20;;jarosławski;49.984722222222224;23.122222222222224
150140010;Porajów;Nysa Łużycka (174);50 53 14;14 49 17;;zgorzelec;50.88722222222222;14.821388888888889
150140020;Sieniawka;Nysa Łużycka (174);50 53 47;14 50 13;;zgorzelecki;50.896388888888886;14.836944444444445
150140030;Turoszów;Miedzianka (17416);50 56 20;14 55 04;;zgorzelecki;50.93888888888888;14.917777777777777
150140100;BOGATYNIA;Miedzianka (17416);50 53 32;14 59 42;;zgorzelecki;50.89222222222222;14.995
150140140;Kopaczów;Lubota (174134);50 52 20;14 49 43;;zgorzelecki;50.87222222222222;14.82861111111111
150150010;Mirsk;Kwisa (166);50 59 22;15 23 02;;lwówecki;50.989444444444445;15.383888888888889
150150020;Mirsk;Czarny Potok (16632);50 59 12;15 23 02;;lwówecki;50.986666666666665;15.383888888888889
150150030;Jakuszyce;Kamienna (162);50 49 21;15 26 24;;karkonoski;50.822500000000005;15.44
150150040;Barcinek;Kamienica (163332);50 56 38;15 36 14;;karkonoski;50.943888888888885;15.60388888888889
150150050;Piechowice;Kamienna (162);50 51 00;15 35 18;;karkonoski;50.85;15.588333333333335
150150060;Pilchowice;Bóbr (16);50 57 50;15 38 26;;lwówecki;50.96388888888889;15.640555555555554
150150070;Jelenia Góra;Kamienna (162);50 53 55;15 43 20;;jelenia góra;50.89861111111111;15.722222222222223
150150080;Jelenia Góra;Bóbr (16);50 54 39;15 43 17;;jelenia góra;50.91083333333333;15.721388888888889
150150090;Łomnica;Łomnica (1618);50 52 35;15 48 11;;karkonoski;50.87638888888889;15.803055555555556
150150100;Wojanów;Bóbr (16);50 52 14;15 49 37;;karkonoski;50.870555555555555;15.826944444444445
150150110;Kowary;Jedlica (16188);50 47 41;15 50 03;;karkonoski;50.79472222222222;15.834166666666667
150150120;Bukówka;Bóbr (16);50 42 46;15 57 27;;kamiennogórski;50.71277777777778;15.9575
150150130;Błażkowa;Bóbr (16);50 44 22;15 59 11;;kamiennogórski;50.739444444444445;15.986388888888888
150150190;Podgórzyn;Podgórna (16288);50 49 13;15 41 01;;karkonoski;50.82027777777778;15.68361111111111
150150200;Sosnówka;Sośniak (16288832);50 49 20;15 43 09;;karkonoski;50.82222222222222;15.719166666666666
150150230;Opawa;Bóbr (16);50 42 05;15 55 32;;kamiennogórski;50.70138888888889;15.925555555555555
150159997;Miszkowice;Złotna (161152);50 42 52;15 55 44;;kamiennogórski;50.714444444444446;15.928888888888888
150160010;Kamienna Góra;Bóbr (16);50 47 11;16 02 10;;kamiennogórski;50.78638888888889;16.03611111111111
150160020;Świebodzice;Pełcznica (13486);50 51 37;16 18 49;;świdnicki;50.86027777777778;16.31361111111111
150160030;Chwaliszów;Strzegomka (1348);50 52 40;16 13 59;;wałbrzyski;50.87777777777778;16.233055555555556
150160040;Kudowa-Zdrój-Zakrze;Klikawa (946);50 25 51;16 14 38;;kłodzki;50.43083333333333;16.24388888888889
150160060;Jugowice;Bystrzyca (134);50 43 59;16 24 12;;wałbrzyski;50.73305555555556;16.403333333333332
150160070;Lubachów;Bystrzyca (134);50 45 57;16 25 52;;świdnicki;50.76583333333333;16.43111111111111
150160080;Tłumaczów;Ścinawka (122);50 33 07;16 26 10;;kłodzki;50.551944444444445;16.43611111111111
150160090;Łażany;Strzegomka (1348);50 57 11;16 29 33;;świdnicki;50.95305555555556;16.4925
150160100;Gorzuchów;Ścinawka (122);50 29 07;16 34 16;;kłodzki;50.48527777777778;16.57111111111111
150160110;Szalejów Dolny;Bystrzyca Dusznicka (1218);50 25 11;16 36 17;;kłodzki;50.41972222222222;16.604722222222225
150160120;Krasków;Bystrzyca (134);50 54 56;16 35 02;;świdnicki;50.91555555555556;16.583888888888886
150160130;Mościsko;Piława (1344);50 46 55;16 35 03;;dzierżoniowski;50.78194444444444;16.584166666666665
150160140;Dzierżoniów;Piława (1344);50 43 33;16 38 46;;dzierżoniowski;50.725833333333334;16.64611111111111
150160150;Bystrzyca Kłodzka;Bystrzyca (1214);50 17 47;16 38 55;;kłodzki;50.296388888888885;16.648611111111112
150160160;Mietków;Bystrzyca (134);50 58 06;16 39 02;;wrocławski;50.968333333333334;16.650555555555552
150160170;Bystrzyca Kłodzka;Nysa Kłodzka (12);50 17 37;16 38 54;;kłodzki;50.29361111111111;16.648333333333333
150160180;Kłodzko;Nysa Kłodzka (12);50 26 33;16 39 31;;kłodzki;50.442499999999995;16.65861111111111
150160190;Międzylesie;Nysa Kłodzka (12);50 09 20;16 39 51;;kłodzki;50.15555555555555;16.664166666666667
150160200;Żelazno;Biała Lądecka (1216);50 22 23;16 40 26;;kłodzki;50.37305555555555;16.67388888888889
150160210;Wilkanów;Wilczka (1212);50 15 55;16 39 44;;kłodzki;50.265277777777776;16.66222222222222
150160220;Bardo;Nysa Kłodzka (12);50 30 16;16 44 23;;ząbkowicki;50.504444444444445;16.739722222222223
150160230;Lądek-Zdrój;Biała Lądecka (1216);50 20 48;16 52 13;;kłodzki;50.34666666666667;16.87027777777778
150160250;Białobrzezie;Ślęza (1336);50 48 08;16 53 32;;strzeliński;50.80222222222222;16.892222222222223
150160270;Kamieniec Ząbkowicki;Budzówka (1232);50 31 56;16 51 54;;ząbkowicki;50.532222222222224;16.865000000000002
150160280;Borów;Ślęza (1336);50 53 20;16 59 26;;strzeliński;50.888888888888886;16.990555555555556
150160290;Gniechowice;Czarna Woda (1346);50 59 15;16 49 45;;wrocławski;50.987500000000004;16.829166666666666
150160330;Szczytna;Kamienny Potok (12184);50 24 56;16 26 35;;kłodzki;50.41555555555556;16.443055555555556
150160340;Sarny;Włodzica (1224);50 32 52;16 27 57;;kłodzki;50.547777777777775;16.465833333333332
150160350;Szalejów Górny;Bystrzyca Dusznicka (1218);50 25 06;16 32 14;;kłodzki;50.41833333333333;16.537222222222223
150160360;Starków;Duna Dolna (121584);50 22 39;16 34 48;;kłodzki;50.3775;16.58
150160370;Topolice;Duna Górna (12158);50 22 01;16 36 33;;kłodzki;50.36694444444444;16.609166666666667
150160380;Krosnowice;Duna Górna (12158);50 23 01;16 37 43;;kłodzki;50.38361111111111;16.628611111111113
150160390;Roztoki Bystrzyckie;Goworówka (12114);50 11 27;16 40 20;;kłodzki;50.19083333333333;16.672222222222224
150160400;Boboszów;Nysa Kłodzka (12);50 06 53;16 41 30;;kłodzki;50.11472222222223;16.691666666666666
150160410;Gajnik;Cieszyca (121144);50 11 37;16 42 14;;kłodzki;50.19361111111111;16.703888888888887
150160420;Goworów;Goworówka (12114);50 10 44;16 42 43;;kłodzki;50.178888888888885;16.711944444444445
150160430;Domanice;Bystrzyca (134);50 56 55;16 35 11;;wrocławski;50.948611111111106;16.586388888888887
150169999;Sędzisław;Bóbr (16);50 49 10;16 02 43;;kamiennogórski;50.81944444444445;16.04527777777778
150170010;Zborowice;Oława (1334);50 48 20;17 10 14;;strzeliński;50.80555555555555;17.170555555555556
150170030;Oława;Oława (1334);50 56 52;17 17 34;;oławski;50.94777777777777;17.29277777777778
150170040;Oława;Odra (1);50 56 47;17 18 23;;oławski;50.94638888888888;17.30638888888889
150170050;Biała Nyska;Biała Głuchołaska (12598);50 26 01;17 17 51;;nyski;50.433611111111105;17.297500000000003
150170060;Nysa;Nysa Kłodzka (12);50 28 52;17 20 30;;nyski;50.48111111111111;17.341666666666665
150170070;Głuchołazy;Biała Głuchołaska (12598);50 18 58;17 22 46;;nyski;50.316111111111105;17.379444444444445
150170080;Jarnołtówek;Złoty Potok (117644);50 17 09;17 25 41;;nyski;50.28583333333333;17.428055555555556
150170090;Brzeg;Odra (1);50 51 56;17 28 10;;brzeski;50.86555555555556;17.46944444444444
150170100;Kopice;Nysa Kłodzka (12);50 38 44;17 28 42;;brzeski;50.64555555555555;17.47833333333333
150170110;Prudnik;Prudnik (11764);50 19 10;17 35 19;;prudnicki;50.31944444444445;17.58861111111111
150170120;Niemodlin;Ścinawa Niemodlińska (128);50 38 44;17 37 28;;opolski;50.64555555555555;17.624444444444446
150170130;Ujście Nysy Kłodzkiej;Odra (1);50 49 06;17 39 40;;opolski;50.818333333333335;17.66111111111111
150170140;Skorogoszcz;Nysa Kłodzka (12);50 45 43;17 40 30;;brzeski;50.761944444444445;17.675
150170150;Karłowice;Stobrawa (132);50 52 43;17 43 18;;opolski;50.87861111111111;17.721666666666664
150170160;Branice;Opawa (112);50 03 04;17 46 10;;kraj morawsko-śląski;50.051111111111105;17.769444444444442
150170170;Branice;Boczne koryto Opawy (112374);50 03 05;17 46 19;;głubczycki;50.05138888888889;17.771944444444443
150170180;Racławice Śląskie;Osobłoga (1176);50 18 55;17 47 20;;prudnicki;50.31527777777777;17.78888888888889
150170200;Domaradz;Bogacica (1324);50 57 15;17 51 52;;namysłowski;50.95416666666667;17.864444444444445
150170210;Krzywa Góra;Budkowiczanka (1328);50 51 39;17 52 43;;namysłowski;50.86083333333333;17.878611111111113
150170220;Dobra;Biała (11768);50 26 53;17 53 49;;krapkowicki;50.448055555555555;17.896944444444443
150170240;Krapkowice;Odra (1);50 28 38;17 58 05;;krapkowicki;50.477222222222224;17.968055555555555
150170290;Opole-Groszowice;Odra (1);50 38 03;17 56 18;;opole;50.634166666666665;17.938333333333333
150170320;MALERZOWICE WIELKIE;Nysa Kłodzka (12);50 35 04;17 28 28;;nyski;50.58444444444444;17.474444444444444
150170330;Paczków;Nysa Kłodzka (12);50 28 08;17 00 58;;nyski;50.46888888888889;17.016111111111112
150170340;Dziewiętlice;Świdna (1259928);50 24 57;17 05 07;;nyski;50.41583333333333;17.085277777777776
150170350;Kałków;Widna (12594);50 24 02;17 11 48;;nyski;50.400555555555556;17.196666666666665
150170360;Steblów;Osobłoga (1176);50 27 06;17 56 26;;krapkowicki;50.45166666666667;17.940555555555555
150180010;Kamionka;Stradunia (1174);50 23 28;18 02 33;;kędzierzyńsko-kozielski;50.39111111111111;18.0425
150180020;Turawa;Mała Panew (118);50 44 23;18 04 36;;opolski;50.73972222222222;18.076666666666668
150180030;Koźle;Odra (1);50 21 07;18 08 48;;kędzierzyńsko-kozielski;50.35194444444445;18.146666666666665
150180040;Bojanów;Psina (1152);50 01 50;18 09 15;;raciborski;50.03055555555555;18.154166666666665
150180050;Ozimek;Mała Panew (118);50 40 45;18 12 14;;opolski;50.67916666666667;18.203888888888887
150180060;Racibórz-Miedonia;Odra (1);50 07 19;18 13 47;;raciborski;50.121944444444445;18.22972222222222
150180070;Lenartowice;Kłodnica (116);50 21 27;18 14 08;;kędzierzyńsko-kozielski;50.3575;18.235555555555557
150180080;Grabówka;Bierawka (1158);50 17 04;18 16 33;;kędzierzyńsko-kozielski;50.28444444444444;18.27583333333333
150180090;Nędza;Sumina (11568);50 09 28;18 18 38;;raciborski;50.157777777777774;18.310555555555556
150180100;Staniszcze Wielkie;Mała Panew (118);50 39 48;18 20 33;;strzelecki;50.663333333333334;18.342499999999998
150180110;Ruda Kozielska;Ruda (1156);50 12 17;18 24 06;;raciborski;50.20472222222222;18.401666666666664
150180130;Rybnik-Stodoły;Ruda (1156);50 09 15;18 28 59;;rybnik;50.15416666666667;18.483055555555556
150180140;Rybnik;Nacyna (115654);50 06 09;18 31 59;;rybnik;50.1025;18.533055555555556
150180150;Pyskowice-Dzierżno;Kłodnica (116);50 22 47;18 32 36;;gliwicki;50.37972222222222;18.543333333333337
150180160;Pyskowice-Dzierżno;Drama (1166);50 22 57;18 32 35;;gliwicki;50.3825;18.543055555555558
150180170;Pyskowice;Drama (1166);50 23 11;18 35 20;;gliwicki;50.38638888888889;18.58888888888889
150180190;Krupski Młyn;Mała Panew (118);50 34 16;18 37 28;;tarnogórski;50.571111111111115;18.624444444444446
150180210;Niwki;Liswarta (1816);50 49 15;18 39 45;;lubliniecki;50.82083333333334;18.662499999999998
150180220;Gliwice;Kłodnica (116);50 17 53;18 40 06;;górnośląsko-zagłębiowska metropolia;50.29805555555556;18.668333333333333
150180230;Wesoła;Stoła (11816);50 33 42;18 41 24;;tarnogórski;50.56166666666666;18.69
150180250;Kłodnica;Kłodnica (116);50 14 12;18 51 51;;górnośląsko-zagłębiowska metropolia;50.236666666666665;18.86416666666667
150180270;Kozłowa Góra;Brynica (2126);50 24 44;18 58 19;;będziński;50.41222222222222;18.971944444444443
150180280;Rybnik-Gotartowice;Ruda (1156);50 05 08;18 37 43;;rybnik;50.08555555555556;18.628611111111113
150180300;Tychy;Gostynia (2118);50 05 12;18 58 40;;górnośląsko-zagłębiowska metropolia;50.086666666666666;18.977777777777778
150180310;Bobrowniki;Brynica (2126);50 22 28;18 57 47;;będziński;50.37444444444444;18.963055555555556
150180320;Rudziniec;Kłodnica (116);50 22 43;18 24 21;;gliwicki;50.37861111111111;18.40583333333333
150180330;Rybnik-Paruszowiec;Ruda (1156);50 06 36;18 33 26;;rybnik;50.11;18.557222222222222
150180340;Kluczbork;Stobrawa (132);50 58 09;18 14 24;;kluczborski;50.969166666666666;18.240000000000002
150190010;Brynica;Brynica (2126);50 28 21;19 00 02;;tarnogórski;50.472500000000004;19.000555555555554
150190050;Bieruń Stary;Mleczna (21188);50 05 34;19 05 19;;bieruńsko-lędziński;50.09277777777778;19.08861111111111
150190060;Bojszowy;Gostynia (2118);50 03 40;19 06 30;;bieruńsko-lędziński;50.06111111111111;19.108333333333334
150190070;Szabelnia;Brynica (2126);50 15 34;19 08 12;;górnośląsko-zagłębiowska metropolia;50.25944444444445;19.136666666666667
150190080;Radocha;Przemsza (212);50 15 39;19 08 25;;górnośląsko-zagłębiowska metropolia;50.26083333333333;19.140277777777776
150190100;Niwka;Biała Przemsza (2128);50 14 09;19 09 39;;górnośląsko-zagłębiowska metropolia;50.23583333333333;19.160833333333333
150190120;PRZECZYCE;Przemsza (212);50 25 38;19 10 40;;będziński;50.42722222222222;19.17777777777778
150190130;ŁAGISZA;Przemsza (212);50 21 01;19 11 08;;będziński;50.35027777777778;19.185555555555556
150190140;BIERUŃ NOWY;Wisła (2);50 03 53;19 11 37;;oświęcimski;50.06472222222222;19.19361111111111
150190150;Poraj;Warta (18);50 40 24;19 12 14;;myszkowski;50.67333333333333;19.203888888888887
150190160;OŚWIĘCIM;Soła (2132);50 02 24;19 13 07;;oświęcimski;50.04;19.21861111111111
150190170;PUSTYNIA;Wisła (2);50 03 48;19 14 11;;oświęcimski;50.06333333333333;19.23638888888889
150190180;JELEŃ;Przemsza (212);50 09 40;19 14 23;;górnośląsko-zagłębiowska metropolia;50.16111111111111;19.239722222222223
150190190;PIWOŃ;Przemsza (212);50 28 59;19 15 12;;będziński;50.48305555555556;19.253333333333334
150190200;Lgota Nadwarcie;Warta (18);50 37 06;19 15 34;;myszkowski;50.61833333333333;19.259444444444444
150190210;Kuźnica Sulikowska;Mitręga (21234);50 27 11;19 16 22;;będziński;50.45305555555556;19.272777777777776
150190220;MSTÓW;Warta (18);50 49 52;19 17 20;;częstochowski;50.83111111111111;19.28888888888889
150190240;Kręciwilk;Warta (18);50 32 43;19 22 13;;myszkowski;50.54527777777778;19.37027777777778
150190250;Sławków;Biała Przemsza (2128);50 17 59;19 23 56;;będziński;50.29972222222222;19.398888888888887
150190260;SMOLICE;Wisła (2);50 01 52;19 27 37;;oświęcimski;50.03111111111111;19.460277777777776
150190270;Golczowice;Biała Przemsza (2128);50 21 41;19 36 09;;olkuski;50.36138888888889;19.602500000000003
150190280;Wąsosz;Pilica (254);50 45 04;19 40 58;;częstochowski;50.75111111111111;19.68277777777778
150190310;BALICE;Rudawa (2136);50 05 35;19 48 24;;krakowski;50.09305555555556;19.80666666666667
150190330;OJCÓW;Prądnik (21374);50 11 41;19 49 57;;krakowski;50.19472222222222;19.8325
150190340;KRAKÓW-BIELANY;Wisła (2);50 02 25;19 50 36;;kraków;50.040277777777774;19.843333333333334
150190350;Januszewice;Czarna (2542);50 56 30;19 57 39;;włoszczowski;50.94166666666666;19.960833333333333
150190360;Las;Wisła (2);50 02 08;19 22 56;;oświęcimski;50.035555555555554;19.38222222222222
150190390;Częstochowa 1;Stradomka (1812);50 47 45;19 07 30;;częstochowa;50.795833333333334;19.125
150190400;Częstochowa 2;Kucelinka (18132);50 48 22;19 09 15;;częstochowa;50.80611111111111;19.154166666666665
150190410;Częstochowa 3;Warta (18);50 48 50;19 07 58;;częstochowa;50.81388888888888;19.13277777777778
150190430;Kamienica Polska;Kamieniczka (18118);50 41 14;19 09 15;;częstochowski;50.68722222222222;19.154166666666665
150190440;Słowik;Warta (18);50 44 54;19 11 02;;częstochowski;50.748333333333335;19.183888888888887
150190450;Nowa Kuźnica;Boży Stok (181152);50 37 14;19 12 58;;myszkowski;50.620555555555555;19.21611111111111
150190460;Masłońskie;Ordonka (181156);50 38 57;19 15 12;;myszkowski;50.649166666666666;19.253333333333334
150190470;Dąbek;Wiercica (18136);50 50 58;19 26 39;;częstochowski;50.849444444444444;19.444166666666668
150190480;Kraków-Łagiewniki;Wilga (21372);50 00 43;19 56 16;;kraków;50.011944444444445;19.93777777777778
150200010;MNISZEK;Nida (216);50 43 39;20 17 06;;jędrzejowski;50.7275;20.285
150200020;BOCHENIEC;Wierna Rzeka (2162);50 48 09;20 18 42;;jędrzejowski;50.802499999999995;20.311666666666667
150200030;BRZEGI;Nida (216);50 44 31;20 24 50;;jędrzejowski;50.74194444444444;20.413888888888888
150200040;TOKARNIA;Czarna Nida (2164);50 46 27;20 27 11;;kielecki;50.774166666666666;20.453055555555554
150200050;MICHAŁÓW;Mierzawa (2166);50 29 30;20 27 23;;pińczowski;50.49166666666667;20.45638888888889
150200060;SIEROSŁAWICE;Wisła (2);50 07 55;20 27 24;;bocheński;50.13194444444444;20.456666666666667
150200070;BISKUPICE;Szreniawa (21392);50 10 39;20 29 57;;proszowicki;50.177499999999995;20.499166666666667
150200080;PIŃCZÓW;Nida (216);50 30 51;20 31 13;;pińczowski;50.51416666666667;20.52027777777778
150200090;SŁOWIK;Bobrza (216482);50 49 58;20 32 10;;kielce;50.83277777777778;20.53611111111111
150200100;POPĘDZYNKA;Wisła (2);50 08 29;20 32 58;;brzeski;50.14138888888889;20.549444444444447
150200120;MORAWICA;Czarna Nida (2164);50 45 01;20 37 00;;kielecki;50.750277777777775;20.616666666666667
150200140;BORZĘCIN;Uszwica (21396);50 03 54;20 42 20;;brzeski;50.065;20.705555555555556
150200150;KARSY;Wisła (2);50 16 30;20 46 29;;dąbrowski;50.275;20.77472222222222
150200160;DALESZYCE;Czarna Nida (2164);50 48 03;20 48 47;;kielecki;50.80083333333333;20.813055555555557
150200170;ŻABNO;Dunajec (214);50 07 55;20 51 43;;tarnowski;50.13194444444444;20.861944444444447
150200180;Orłów;Szreniawa (21392);50 17 03;20 02 10;;krakowski;50.284166666666664;20.03611111111111
150200190;Kamyszów;Nidzica (21398);50 18 15;20 28 27;;kazimierski;50.30416666666667;20.474166666666665
150200200;Wiślica 2;Nida (216);50 20 26;20 40 21;;buski;50.34055555555556;20.6725
150200210;Leszczyny;Lubrzanka (21644);50 52 40;20 45 53;262.0;kielecki;50.87777777777778;20.764722222222222
150200220;Grabie;Wisła (2);50 02 43;20 08 36;193.0;wielicki;50.04527777777778;20.143333333333334
150210010;RAKÓW;Czarna (2178);50 40 34;21 01 43;;kielecki;50.67611111111111;21.02861111111111
150210020;SZCZUCIN;Wisła (2);50 19 37;21 04 38;;dąbrowski;50.32694444444445;21.077222222222222
150210030;MOCHA;Łagowica (217832);50 40 14;21 04 49;;kielecki;50.67055555555555;21.080277777777777
150210040;Rzepin;Świślina (2348);50 58 22;21 05 31;;starachowicki;50.97277777777778;21.091944444444444
150210050;WILKOWA;Wschodnia (21788);50 27 45;21 09 57;;staszowski;50.462500000000006;21.16583333333333
150210060;STASZÓW;Czarna (2178);50 33 23;21 10 23;;staszowski;50.55638888888888;21.173055555555557
150210070;WAMPIERZÓW;Breń (2174);50 17 58;21 13 51;;mielecki;50.29944444444444;21.230833333333333
150210080;Nietulisko Duże;Świślina (2348);50 58 44;21 14 31;;ostrowiecki;50.97888888888889;21.241944444444446
150210090;Kunów;Kamienna (234);50 57 43;21 16 44;;ostrowiecki;50.96194444444445;21.278888888888886
150210100;POŁANIEC;Czarna (2178);50 26 05;21 17 06;;staszowski;50.43472222222222;21.285
150210110;GŁOWACZOWA;Grabinka (21876);50 02 59;21 18 45;;dębicki;50.04972222222222;21.3125
150210120;MIELEC 2;Wisłoka (218);50 16 45;21 25 49;;mielecki;50.27916666666667;21.43027777777778
150210130;PUSTKÓW;Wisłoka (218);50 08 36;21 27 54;;dębicki;50.14333333333333;21.465
150210140;BRZEŹNICA;Brzeźnica (2188);50 06 23;21 29 13;;dębicki;50.10638888888889;21.486944444444447
150210150;KOŁO;Wisła (2);50 30 17;21 30 40;;tarnobrzeski;50.50472222222222;21.511111111111113
150210160;KOPRZYWNICA;Koprzywianka (2194);50 35 45;21 34 23;;sandomierski;50.59583333333334;21.573055555555555
150210170;SANDOMIERZ;Wisła (2);50 40 21;21 44 46;;sandomierski;50.6725;21.746111111111112
150210180;Annopol;Wisła (2);50 53 57;21 49 56;;kraśnicki;50.899166666666666;21.83222222222222
150210190;ZAWICHOST;Wisła (2);50 48 21;21 51 47;;sandomierski;50.80583333333333;21.863055555555558
150210200;GRĘBÓW;Łęg (2198);50 34 33;21 54 43;;tarnobrzeski;50.575833333333335;21.911944444444444
150210210;RADOMYŚL;San (22);50 40 25;21 55 51;;stalowowolski;50.67361111111111;21.930833333333336
150210220;Włochy;Pokrzywianka (234852);50 54 27;21 08 49;;kielecki;50.9075;21.146944444444443
150210410;Wola Raniżowska;Łęg (2198);50 17 39;21 59 16;;kolbuszowski;50.29416666666666;21.98777777777778
150220010;RZESZÓW;Wisłok (226);50 02 23;22 00 56;;rzeszów;50.03972222222222;22.015555555555554
150220020;RUDA JASTKOWSKA;Bukowa (2294);50 35 51;22 08 23;;stalowowolski;50.597500000000004;22.139722222222222
150220030;NISKO;San (22);50 31 12;22 11 34;;niżański;50.519999999999996;22.192777777777778
150220040;SARZYNA;Trzebośnica (2274);50 19 38;22 20 51;;leżajski;50.327222222222225;22.3475
150220050;HARASIUKI;Tanew (228);50 28 39;22 28 27;;niżański;50.4775;22.474166666666665
150220060;GORLICZYNA;Mleczka (2268);50 05 08;22 29 14;;przeworski;50.08555555555556;22.487222222222222
150220070;RZUCHÓW;San (22);50 14 49;22 30 07;;leżajski;50.246944444444445;22.501944444444444
150220080;TRYŃCZA;Wisłok (226);50 09 44;22 32 50;;przeworski;50.16222222222222;22.547222222222224
150220090;LEŻACHÓW;San (22);50 08 25;22 36 11;;jarosławski;50.140277777777776;22.603055555555557
150220100;JAROSŁAW;San (22);50 01 16;22 42 10;;jarosławski;50.02111111111111;22.702777777777776
150220110;BIŁGORAJ;Łada (2286);50 32 32;22 42 55;;biłgorajski;50.54222222222222;22.71527777777778
150220120;Zakłodzie;Pór (24174);50 45 27;22 51 36;;zamojski;50.7575;22.860000000000003
150220130;ZAPAŁÓW;Lubaczówka (2256);50 06 02;22 53 24;;jarosławski;50.10055555555556;22.89
150220140;CHARYTANY;Szkło (2254);50 00 12;22 56 19;;jarosławski;50.00333333333333;22.93861111111111
150220160;OSUCHY;Tanew (228);50 23 56;22 57 18;;biłgorajski;50.39888888888889;22.955
150220170;Zwierzyniec;Wieprz (24);50 36 40;22 58 00;;zamojski;50.611111111111114;22.966666666666665
150230010;Nielisz;Wieprz (24);50 48 31;23 02 28;;zamojski;50.808611111111105;23.041111111111114
150230020;Wirkowice;Wieprz (24);50 51 58;23 05 56;;krasnostawski;50.86611111111111;23.098888888888887
150230030;KRZAK;Łabuńka (242);50 48 09;23 06 16;;zamojski;50.802499999999995;23.104444444444447
150230040;Krasnystaw;Wieprz (24);50 59 07;23 10 36;;krasnostawski;50.98527777777778;23.17666666666667
150230050;Orłów Drewniany;Wolica (2432);50 54 54;23 11 48;;krasnostawski;50.915;23.196666666666665
150230070;Gozdów;Huczwa (267142);50 46 39;23 48 26;;hrubieszowski;50.777499999999996;23.807222222222222
150230080;Michalów;Wieprz (24);50 44 03;23 01 14;;zamojski;50.73416666666667;23.020555555555553
150240010;Strzyżów;Bug (26714);50 50 22;24 02 09;;hrubieszowski;50.839444444444446;24.035833333333336
150240020;Kryłów;Bug (26714);50 40 38;24 03 45;;hrubieszowski;50.67722222222222;24.0625
151140010;Gubin;Nysa Łużycka (174);51 58 19;14 42 25;;krośnieński;51.971944444444446;14.706944444444444
151140020;Pleśno;Lubsza (1748);51 54 56;14 45 16;;krośnieński;51.91555555555556;14.754444444444445
151140030;Przewoźniki;Skroda (1746);51 31 31;14 49 18;;żarski;51.525277777777774;14.821666666666667
151140040;Przewóz;Nysa Łużycka (174);51 28 20;14 56 49;;zgorzelec;51.47222222222222;14.946944444444444
151140050;Ręczyn;Witka (1742);51 02 35;14 58 48;;zgorzelecki;51.043055555555554;14.98
151140060;Zgorzelec;Nysa Łużycka (174);51 09 40;14 59 37;;zgorzelecki;51.16111111111111;14.993611111111111
151140170;Janiszowice;Nysa Łużycka (174);51 46 43;14 39 13;;żarski;51.77861111111111;14.653611111111111
151140180;Olszyna;Nysa Łużycka (174);51 39 59;14 45 11;;żarski;51.66638888888889;14.753055555555555
151140190;Gubin;Lubsza (1748);51 56 31;14 44 04;;krośnieński;51.94194444444444;14.734444444444444
151140200;Sanice;Nysa Łużycka (174);51 25 02;14 58 03;;zgorzelec;51.41722222222222;14.9675
151150010;Zgorzelec;Czerwona Woda (1744);51 07 51;15 01 14;;zgorzelecki;51.130833333333335;15.020555555555557
151150020;Ostróżno;Witka (1742);51 01 15;15 01 58;;zgorzelecki;51.020833333333336;15.03277777777778
151150030;Iłowa;Czerna Mała (1686);51 30 11;15 11 54;;żagański;51.503055555555555;15.198333333333334
151150040;Nowogród Bobrzański;Bóbr (16);51 47 55;15 14 13;;zielonogórski;51.79861111111111;15.236944444444443
151150050;Dobroszów Wielki;Bóbr (16);51 46 27;15 15 22;;zielonogórski;51.774166666666666;15.25611111111111
151150060;Leśna;Kwisa (166);51 01 42;15 17 12;;lubański;51.02833333333333;15.286666666666667
151150070;Żagań;Czerna Wielka (168);51 36 50;15 17 23;;żagański;51.61388888888889;15.289722222222222
151150080;Żagań;Bóbr (16);51 37 05;15 18 57;;żagański;51.61805555555556;15.315833333333334
151150090;Łozy;Kwisa (166);51 29 29;15 22 07;;żagański;51.49138888888889;15.368611111111111
151150100;Nowogrodziec;Kwisa (166);51 12 11;15 23 45;;bolesławiecki;51.20305555555556;15.395833333333332
151150110;Gryfów Śląski;Kwisa (166);51 01 36;15 24 47;;lwówecki;51.026666666666664;15.413055555555555
151150120;Szprotawa;Bóbr (16);51 33 41;15 31 36;;żagański;51.561388888888885;15.526666666666667
151150130;Szprotawa;Szprotawa (164);51 33 55;15 33 19;;żagański;51.56527777777777;15.555277777777778
151150140;Dąbrowa Bolesławiecka;Bóbr (16);51 19 33;15 34 14;;bolesławiecki;51.325833333333335;15.570555555555556
151150150;Nowa Sól;Odra (1);51 48 08;15 43 18;;nowosolski;51.80222222222222;15.721666666666668
151150160;Zagrodno;Skora (13866);51 11 20;15 51 50;;złotoryjski;51.18888888888888;15.863888888888889
151150170;Świerzawa;Kaczawa (138);51 01 04;15 53 16;;złotoryjski;51.01777777777777;15.887777777777778
151150180;Chojnów;Skora (13866);51 16 22;15 56 44;;legnicki;51.272777777777776;15.945555555555556
151160020;Rzymówka;Kaczawa (138);51 08 22;16 01 32;;złotoryjski;51.13944444444444;16.025555555555556
151160030;Radzyń;Jez. Sławskie (Czernica) (15612);51 52 22;16 02 17;;wschowski;51.87277777777778;16.03805555555556
151160040;Bukowna;Czarna Woda (1386);51 18 36;16 02 49;;lubiński;51.309999999999995;16.046944444444446
151160050;Dunino;Kaczawa (138);51 09 25;16 04 38;;legnicki;51.15694444444444;16.077222222222222
151160060;Głogów;Odra (1);51 40 26;16 03 33;;głogowski;51.67388888888889;16.059166666666666
151160070;Winnica;Nysa Szalona (1384);51 06 42;16 05 37;;legnicki;51.111666666666665;16.09361111111111
151160080;Rzeszotary;Czarna Woda (1386);51 14 56;16 08 41;;legnicki;51.24888888888889;16.14472222222222
151160090;Jawor;Nysa Szalona (1384);51 02 54;16 11 23;;jaworski;51.04833333333333;16.189722222222223
151160100;Piątnica;Kaczawa (138);51 13 40;16 11 57;;legnica;51.22777777777778;16.199166666666667
151160130;Ścinawa;Odra (1);51 24 32;16 26 36;;lubiński;51.40888888888889;16.443333333333335
151160140;Osetno;Barycz (14);51 37 55;16 27 36;;górowski;51.63194444444444;16.46
151160150;Malczyce;Odra (1);51 13 37;16 29 23;;średzki;51.22694444444445;16.489722222222223
151160160;Rydzyna;Polski Rów (148);51 46 58;16 40 08;;leszczyński;51.782777777777774;16.66888888888889
151160170;Brzeg Dolny;Odra (1);51 15 38;16 43 36;;wołowski;51.260555555555555;16.726666666666667
151160180;Bogdaszowice;Strzegomka (1348);51 05 12;16 47 33;;wrocławski;51.086666666666666;16.7925
151160190;Jarnołtów;Bystrzyca (134);51 07 18;16 50 34;;wrocław;51.12166666666667;16.842777777777776
151160200;Korzeńsko;Orla (146);51 32 21;16 52 21;;trzebnicki;51.53916666666667;16.8725
151160220;Kanclerzowice;Sąsiecznica (144);51 27 13;16 57 22;;trzebnicki;51.453611111111115;16.95611111111111
151160230;Ślęza;Ślęza (1336);51 02 15;16 59 06;;wrocławski;51.0375;16.985
151160260;Sława Śląska;Czernica (15612);51 52 50;16 04 31;;wschowski;51.88055555555555;16.075277777777778
151160300;Wąsosz;Barycz (14);51 33 30;16 41 19;;górowski;51.55833333333333;16.68861111111111
151170010;Krzyżanowice;Widawa (136);51 10 16;17 02 51;;trzebnicki;51.17111111111111;17.047500000000003
151170030;Trestno;Odra (1);51 04 56;17 08 49;;wrocław;51.08222222222223;17.146944444444443
151170040;Łąki;Barycz (14);51 29 35;17 08 47;;milicki;51.49305555555556;17.14638888888889
151170050;Zbytowa;Widawa (136);51 06 21;17 24 24;;oleśnicki;51.10583333333334;17.406666666666666
151170060;Bogdaj;Polska Woda (142);51 30 58;17 33 51;;ostrowski;51.51611111111111;17.56416666666667
151170070;Odolanów;Barycz (14);51 34 32;17 40 12;;ostrowski;51.57555555555556;17.67
151170080;Odolanów;Kuroch (1414);51 34 42;17 40 13;;ostrowski;51.57833333333333;17.67027777777778
151170090;Namysłów;Widawa (136);51 04 49;17 42 36;;namysłowski;51.08027777777778;17.71
151170110;Bogusław;Prosna (184);51 53 54;17 57 13;;pleszewski;51.89833333333333;17.953611111111112
151180010;Ołobok;Ołobok (1844);51 38 22;18 04 08;;ostrowski;51.63944444444444;18.06888888888889
151180020;Piwonice;Prosna (184);51 43 36;18 06 26;;kalisz;51.72666666666667;18.107222222222223
151180030;Kuźnica Skakawska;Niesób (1842);51 16 47;18 07 54;;wieruszowski;51.27972222222222;18.131666666666668
151180040;Mirków;Prosna (184);51 18 56;18 09 17;;wieruszowski;51.315555555555555;18.154722222222222
151180050;Dębe;Swędrnia (18482);51 47 29;18 11 52;;kaliski;51.79138888888889;18.197777777777777
151180060;Kraszewice;Łużyca (18438);51 31 09;18 13 30;;ostrzeszowski;51.51916666666666;18.224999999999998
151180070;Gorzów Śląski;Prosna (184);51 02 07;18 26 04;;oleski;51.03527777777778;18.434444444444445
151180080;Sieradz;Warta (18);51 36 00;18 44 31;;sieradzki;51.6;18.741944444444446
151180090;Niechmirów;Oleśnica (1818);51 23 17;18 45 44;;sieradzki;51.38805555555555;18.76222222222222
151180100;Osjaków;Warta (18);51 17 08;18 47 06;;wieluński;51.285555555555554;18.785
151180110;Uniejów;Warta (18);51 58 21;18 47 28;;poddębicki;51.972500000000004;18.791111111111114
151180120;Burzenin;Warta (18);51 27 30;18 50 16;;sieradzki;51.458333333333336;18.837777777777777
151180130;Działoszyn;Warta (18);51 06 37;18 52 24;;pajęczański;51.11027777777778;18.873333333333335
151180140;Podgórze;Widawka (182);51 27 54;18 56 35;;łaski;51.465;18.943055555555556
151180150;Widawa;Nieciecz (18292);51 26 18;18 56 48;;łaski;51.43833333333333;18.946666666666665
151180160;Poddębice;Ner (1832);51 53 30;18 56 58;;poddębicki;51.891666666666666;18.949444444444445
151180170;Rogóźno;Widawka (182);51 26 08;18 58 27;;łaski;51.43555555555555;18.974166666666665
151180180;Grabno;Grabia (1828);51 27 30;18 59 07;;łaski;51.458333333333336;18.985277777777778
151180190;Grabów nad Prosną;Prosna (184);51 30 36;18 07 27;;ostrzeszowski;51.51;18.124166666666667
151180200;Kuśnie;Żeglina (18312);51 32 06;18 40 51;;sieradzki;51.535;18.680833333333336
151180210;Smardzew;Myja (18314);51 35 49;18 39 20;;sieradzki;51.596944444444446;18.655555555555555
151180220;Grabina;Pichna (183178);51 45 40;18 45 46;;poddębicki;51.76111111111111;18.762777777777778
151190010;Kule;Liswarta (1816);51 02 34;19 02 53;;kłobucki;51.04277777777778;19.048055555555557
151190020;Szczerców;Widawka (182);51 19 42;19 06 49;;bełchatowski;51.32833333333333;19.113611111111112
151190030;Łask;Grabia (1828);51 35 49;19 07 19;;łaski;51.596944444444446;19.121944444444445
151190040;Lutomiersk;Ner (1832);51 45 23;19 13 17;;pabianicki;51.756388888888885;19.22138888888889
151190060;Bobry;Warta (18);51 01 31;19 24 19;;radomszczański;51.025277777777774;19.405277777777776
151190070;Gieczno;Moszczenica (2722);51 59 49;19 26 35;;zgierski;51.996944444444445;19.443055555555556
151190080;Kłudzice;Luciąża (254534);51 20 57;19 46 55;;piotrkowski;51.34916666666667;19.781944444444445
151190090;Przedbórz;Pilica (254);51 05 22;19 52 30;;radomszczański;51.089444444444446;19.875
151190100;Sulejów-Kopalnia;Pilica (254);51 20 37;19 53 10;;piotrkowski;51.343611111111116;19.88611111111111
151190110;Zawada;Wolbórka (2546);51 31 48;19 56 34;;tomaszowski;51.53;19.942777777777778
151190120;Dąbrowa;Czarna (2544);51 18 50;19 58 18;;piotrkowski;51.31388888888888;19.971666666666664
151190130;Kazimierz;Ner (1832);51 45 58;19 12 09;;pabianicki;51.76611111111111;19.2025
151200020;Spała;Pilica (254);51 32 14;20 08 02;;tomaszowski;51.53722222222222;20.133888888888887
151200040;Opoczno;Drzewiczka (2548);51 22 53;20 18 03;;opoczyński;51.38138888888889;20.300833333333333
151200080;Odrzywół;Drzewiczka (2548);51 31 10;20 33 46;;przysuski;51.519444444444446;20.56277777777778
151200090;Nowe Miasto n.Pilicą;Pilica (254);51 36 33;20 34 24;;grójecki;51.60916666666667;20.573333333333334
151200100;Bzin;Kamienna (234);51 06 13;20 51 20;;skarżyski;51.103611111111114;20.855555555555558
151200110;Słowików;Radomka (252);51 27 26;20 53 17;;radomski;51.45722222222223;20.888055555555557
151200120;Białobrzegi;Pilica (254);51 39 27;20 57 04;;białobrzeski;51.6575;20.95111111111111
151210010;Wąchock;Kamienna (234);51 04 33;21 01 08;;starachowicki;51.075833333333335;21.01888888888889
151210020;Michałów;Kamienna (234);51 00 42;21 06 04;;starachowicki;51.01166666666666;21.101111111111113
151210040;Brody Iłżeckie;Kamienna (234);51 01 17;21 12 10;;starachowicki;51.021388888888886;21.202777777777776
151210050;GUSIN;Wisła (2);51 53 34;21 15 16;;otwocki;51.89277777777778;21.254444444444445
151210060;ROGOŻEK;Radomka (252);51 38 08;21 21 31;;kozienicki;51.635555555555555;21.358611111111113
151210070;Cyganówka;Wilga (2536);51 51 43;21 27 01;;garwoliński;51.86194444444445;21.450277777777778
151210080;Kazanów;Iłżanka (236);51 16 24;21 28 00;;zwoleński;51.27333333333333;21.466666666666665
151210090;Czekarzewice;Kamienna (234);51 01 59;21 40 53;;opatowski;51.033055555555556;21.68138888888889
151210100;OZIEMKÓWKA;Wilga (2536);51 54 59;21 45 06;;garwoliński;51.91638888888889;21.751666666666665
151210110;Mika;Okrzejka (2532);51 40 24;21 45 22;;garwoliński;51.67333333333333;21.75611111111111
151210120;Dęblin;Wisła (2);51 33 46;21 49 35;;rycki;51.562777777777775;21.82638888888889
151210130;BÓR;Wyżnica (2336);51 00 51;21 52 41;;opolski;51.01416666666667;21.878055555555555
151210190;PUŁAWY-AZOTY;Wisła (2);51 26 43;21 56 44;;puławski;51.445277777777775;21.945555555555554
151210220;Kolonia Nadwiślańska;Wisła (2);51 07 29;21 47 26;;opolski;51.124722222222225;21.790555555555557
151220010;Kośmin;Wieprz (24);51 34 23;22 00 05;;rycki;51.573055555555555;22.00138888888889
151220040;Witowice;Kurówka (2392);51 24 33;22 05 10;;puławski;51.409166666666664;22.08611111111111
151220050;MŁYNISKA;Minina (2492);51 32 34;22 23 12;;lubartowski;51.54277777777778;22.386666666666667
151220070;Lublin;Bystrzyca (246);51 13 04;22 32 32;;lublin;51.217777777777776;22.542222222222225
151220080;Tchórzew;Tyśmienica (248);51 40 45;22 33 22;;radzyński;51.67916666666667;22.55611111111111
151220090;Lubartów;Wieprz (24);51 29 53;22 38 37;;lubartowski;51.49805555555556;22.64361111111111
151220100;Sobianowice;Bystrzyca (246);51 18 06;22 41 17;;lubelski;51.30166666666666;22.688055555555557
151220110;Siemień;Tyśmienica (248);51 38 35;22 46 42;;parczewski;51.643055555555556;22.778333333333332
151220120;PARCZEW;Piwonia (2482);51 38 51;22 54 29;;parczewski;51.6475;22.908055555555553
151220130;BISKUPICE;Giełczewka (244);51 09 18;22 56 43;;świdnicki;51.155;22.94527777777778
151220150;Zemborzyce;Bystrzyca (246);51 09 20;22 29 31;;lublin;51.15555555555555;22.491944444444446
151230010;Trawniki;Wieprz (24);51 08 19;23 00 04;;świdnicki;51.13861111111111;23.00111111111111
151230020;Rossosz;Muława (26714484);51 51 28;23 07 55;;bialski;51.85777777777778;23.131944444444446
151230030;Okuninka;Włodawka (2671436);51 31 18;23 31 22;;włodawski;51.52166666666667;23.522777777777776
151230040;WŁODAWA;Bug (26714);51 33 05;23 33 59;;włodawski;51.55138888888889;23.56638888888889
151230050;RUDA-OPALIN;Uherka (2671434);51 15 24;23 35 05;;chełmski;51.25666666666667;23.584722222222222
151230060;Dorohusk;Bug (26714);51 11 06;23 48 28;;chełmski;51.184999999999995;23.80777777777778
152140010;Bielinek;Odra (1);52 55 45;14 09 15;;gryfiński;52.92916666666667;14.154166666666667
152140020;Gozdowice;Odra (1);52 45 51;14 19 04;;gryfiński;52.76416666666667;14.317777777777778
152140050;Słubice;Odra (1);52 20 53;14 33 20;;słubicki;52.34805555555556;14.555555555555557
152140060;Kostrzyn nad Odrą;Odra (1);52 35 57;14 36 38;;gorzowski;52.59916666666667;14.610555555555555
152140070;Kostrzyn nad Odrą;Warta (18);52 34 55;14 39 44;;gorzowski;52.581944444444446;14.662222222222223
152140080;Maczków;Ilanka (178);52 16 30;14 44 40;;słubicki;52.275;14.744444444444444
152140090;Biała Góra;Odra (1);52 05 36;14 43 38;;słubicki;52.093333333333334;14.727222222222222
152140100;Dolsk;Myśla (1912);52 48 10;14 50 35;;myśliborski;52.80277777777778;14.843055555555557
152140110;SĄDÓW;Pliszka (176);52 13 10;14 50 51;;słubicki;52.21944444444445;14.8475
152140120;Myślibórz;Myśla (1912);52 55 17;14 51 44;;myśliborski;52.921388888888885;14.862222222222222
152140130;Połęcko;Odra (1);52 03 09;14 53 32;;krośnieński;52.052499999999995;14.892222222222221
152150010;Świerkocin;Warta (18);52 39 02;14 59 58;;gorzowski;52.650555555555556;14.999444444444444
152150020;Stary Raduszec;Bóbr (16);52 02 11;15 04 43;;krośnieński;52.03638888888889;15.07861111111111
152150040;Gorzów Wielkopolski;Warta (18);52 43 48;15 15 11;;gorzów wielkopolski;52.730000000000004;15.253055555555555
152150050;Nietków;Odra (1);52 02 47;15 20 51;;zielonogórski;52.046388888888885;15.3475
152150080;Santok;Warta (18);52 44 01;15 23 48;;gorzowski;52.73361111111111;15.396666666666667
152150090;Santok;Noteć (188);52 44 21;15 25 04;;gorzowski;52.73916666666667;15.417777777777777
152150100;Bledzew;Obra (1878);52 31 03;15 25 16;;międzyrzecki;52.5175;15.421111111111111
152150110;Skwierzyna;Warta (18);52 36 07;15 30 01;;międzyrzecki;52.60194444444445;15.500277777777777
152150130;Cigacice;Odra (1);52 01 59;15 36 27;;zielonogórski;52.033055555555556;15.6075
152150140;Gościmiec;Noteć (188);52 46 32;15 38 18;;strzelecko-drezdenecki;52.775555555555556;15.638333333333334
152150150;Ługi;Jez. Żabie (Mierzęcka Struga) (18888);52 56 40;15 41 36;;strzelecko-drezdenecki;52.94444444444444;15.693333333333333
152150180;Mierzęcin;Mierzęcka Struga (18888);52 57 21;15 49 46;;strzelecko-drezdenecki;52.95583333333334;15.829444444444444
152150190;Nowe Drezdenko;Noteć (188);52 51 03;15 50 15;;strzelecko-drezdenecki;52.850833333333334;15.8375
152150200;Międzychód;Warta (18);52 36 15;15 53 10;;międzychodzki;52.60416666666667;15.886111111111111
152150220;Zbąszyń;Obra (1878);52 15 01;15 55 23;;nowotomyski;52.250277777777775;15.923055555555555
152150230;Chełst;Miała (18892);52 49 45;15 56 57;;czarnkowsko-trzcianecki;52.82916666666667;15.949166666666667
152150240;Drawiny;Drawa (1888);52 53 08;15 58 40;;czarnkowsko-trzcianecki;52.885555555555555;15.977777777777778
152160010;Krzyż;Noteć (188);52 51 42;16 00 06;;czarnkowsko-trzcianecki;52.861666666666665;16.001666666666665
152160050;Wronki;Warta (18);52 42 42;16 22 48;;szamotulski;52.711666666666666;16.38
152160060;Konojad;Mogilnica (18568);52 09 05;16 31 55;;grodziski;52.15138888888889;16.531944444444445
152160070;Czarnków;Noteć (188);52 54 30;16 33 15;;czarnkowsko-trzcianecki;52.90833333333333;16.554166666666667
152160080;Szamotuły;Sama (1872);52 36 44;16 34 53;;szamotulski;52.61222222222222;16.58138888888889
152160090;Kościan;Kanał Mosiński (1856);52 05 24;16 38 39;;kościański;52.09;16.644166666666667
152160100;Oborniki;Warta (18);52 38 37;16 48 49;;obornicki;52.64361111111111;16.81361111111111
152160110;Kowanówko;Wełna (186);52 40 07;16 50 12;;obornicki;52.66861111111111;16.836666666666666
152160130;Mosina;Kanał Mosiński (1856);52 14 54;16 51 23;;poznański;52.248333333333335;16.85638888888889
152160140;Poznań-Most Rocha;Warta (18);52 24 08;16 56 43;;poznań;52.40222222222222;16.94527777777778
152160150;Głuszyna;Kopel (18574);52 19 01;16 57 12;;poznań;52.316944444444445;16.953333333333333
152170010;Śrem;Warta (18);52 05 35;17 00 58;;śremski;52.09305555555556;17.016111111111112
152170030;Wierzenica;Główna (18592);52 27 33;17 04 17;;poznański;52.45916666666667;17.07138888888889
152170040;Pruśce;Wełna (186);52 46 23;17 05 54;;obornicki;52.77305555555555;17.098333333333333
152170060;Nowa Wieś Podgórna;Warta (18);52 08 30;17 35 24;;wrzesiński;52.141666666666666;17.59
152170080;Pyzdry;Warta (18);52 10 04;17 41 43;;wrzesiński;52.16777777777777;17.69527777777778
152170120;Samarzewo;Wrześnica (1838);52 13 24;17 44 35;;słupecki;52.223333333333336;17.743055555555557
152170130;Ląd;Warta (18);52 12 13;17 53 10;;słupecki;52.203611111111115;17.88611111111111
152170150;Trąbczyn;Czarna Struga (18356);52 08 17;17 58 34;;słupecki;52.13805555555555;17.97611111111111
152179994;Raszewy;Lutynia (1852);52 05 24;17 36 59;;jarociński;52.09;17.616388888888892
152180010;Gębice;Noteć Zachodnia (1882);52 36 02;18 02 00;;mogileński;52.60055555555556;18.033333333333335
152180020;Goryszewo;Panna (18826);52 37 37;18 02 07;;mogileński;52.62694444444445;18.03527777777778
152180030;Pakość;Noteć (188);52 48 00;18 05 35;;inowrocławski;52.8;18.093055555555555
152180050;Sławsk;Warta (18);52 11 54;18 08 00;;koniński;52.19833333333333;18.133333333333333
152180060;Posoka;Powa (18352);52 12 11;18 13 21;;koniński;52.20305555555556;18.222499999999997
152180090;Noć Kalina;Noteć (188);52 26 18;18 22 50;;koniński;52.43833333333333;18.380555555555556
152180100;Łysek;Noteć (188);52 24 24;18 30 13;;koniński;52.406666666666666;18.503611111111113
152180110;Kościelec;Kiełbaska Duża (18334);52 10 31;18 34 31;;kolski;52.17527777777777;18.575277777777778
152180120;Koło;Warta (18);52 11 43;18 38 04;;kolski;52.195277777777775;18.634444444444444
152180130;OTŁOCZYNEK;Tążyna (2796);52 53 51;18 41 25;;aleksandrowski;52.8975;18.690277777777776
152180140;Grzegorzew;Rgilewka (18332);52 12 00;18 44 34;;kolski;52.2;18.74277777777778
152180150;Dąbie;Ner (1832);52 05 05;18 49 26;;kolski;52.084722222222226;18.823888888888888
152180160;Konin-Morzysław;Kanał Ślesiński (1834);52 13 50;18 17 39;;konin;52.230555555555554;18.29416666666667
152180180;Zaborowo;Pichna (18812);52 25 10;18 24 42;;koniński;52.419444444444444;18.411666666666665
152190030;WŁOCŁAWEK;Wisła (2);52 39 48;19 04 10;;włocławek;52.663333333333334;19.069444444444443
152190050;Kwiatkówek;Bzura (272);52 03 45;19 13 03;;łęczycki;52.0625;19.217499999999998
152190100;Bielawy;Mroga (27234);52 04 25;19 39 00;;łowicki;52.07361111111111;19.65
152190110;Sierpc;Sierpienica (27564);52 51 25;19 40 15;;sierpecki;52.856944444444444;19.670833333333334
152190120;KĘPA POLSKA;Wisła (2);52 25 53;19 57 48;;płocki;52.43138888888889;19.96333333333333
152190160;Babiec;Skrwa (2756);52 54 08;19 41 22;;sierpecki;52.90222222222222;19.689444444444444
152199992;Łowicz;Bzura (272);52 06 36;19 57 37;;łowicki;52.11;19.960277777777776
152199997;Kutno;Ochnia (27218);52 13 57;19 21 01;;kutnowski;52.2325;19.35027777777778
152200010;Kęszyce;Rawka (2726);52 08 09;20 07 53;;skierniewicki;52.13583333333333;20.13138888888889
152200020;Trzciniec;Wkra (268);52 55 50;20 10 19;;mławski;52.93055555555555;20.171944444444446
152200030;WYSZOGRÓD;Wisła (2);52 23 05;20 11 35;;płocki;52.38472222222222;20.193055555555556
152200050;Żuków;Bzura (272);52 15 42;20 16 09;;sochaczewski;52.26166666666666;20.269166666666667
152200070;Władysławów;Łasica (27296);52 19 20;20 21 15;;sochaczewski;52.32222222222222;20.354166666666668
152200080;Strachowo;Płonka (26876);52 37 50;20 26 19;;płoński;52.63055555555555;20.43861111111111
152200090;Krubice;Utrata (2728);52 14 23;20 27 06;;sochaczewski;52.23972222222222;20.451666666666664
152200100;Luberadz;Łydynia (2686);52 45 41;20 28 38;;ciechanowski;52.76138888888889;20.47722222222222
152200110;MODLIN;Wisła (2);52 25 50;20 39 35;;nowodworski;52.43055555555555;20.65972222222222
152200120;Borkowo;Wkra (268);52 33 42;20 39 56;;nowodworski;52.56166666666666;20.665555555555553
152200130;Orzechowo;Narew (26);52 29 17;20 51 52;;legionowski;52.488055555555555;20.864444444444445
152200150;WYCHÓDŹC;Wisła (2);52 23 38;20 25 22;;płoński;52.39388888888889;20.422777777777778
152209994;Nowe Miasto;Sona (2688);52 39 21;20 37 58;;płoński;52.655833333333334;20.63277777777778
152209996;Sochocin;Wkra (268);52 41 07;20 28 09;;płoński;52.68527777777778;20.469166666666666
152209997;Duranów;Pisia Gągolina (27276);52 11 59;20 14 21;;sochaczewski;52.19972222222222;20.239166666666666
152210020;Piaseczno 2;Jeziorka (258);52 03 48;21 02 22;;piaseczyński;52.06333333333333;21.039444444444445
152210030;MAKÓW MAZOWIECKI;Orzyc (2658);52 51 39;21 06 25;;makowski;52.86083333333333;21.106944444444444
152210040;Warszawa-Nadwilanówka;Wisła (2);52 11 11;21 06 29;;warszawa;52.186388888888885;21.108055555555556
152210060;ZAMBSKI KOŚCIELNE;Narew (26);52 45 22;21 12 22;;pułtuski;52.75611111111111;21.20611111111111
152210070;WÓLKA MLĄDZKA;Świder (256);52 08 21;21 19 49;;otwocki;52.13916666666667;21.330277777777777
152210090;Wyszków;Bug (26714);52 35 18;21 27 10;;wyszkowski;52.58833333333334;21.452777777777776
152210100;CZARNOWO;Orz (2656);52 53 00;21 32 14;;ostrołęcki;52.88333333333333;21.537222222222223
152210110;Zawiszyn;Osownica (2671488);52 29 12;21 39 22;;wołomiński;52.486666666666665;21.65611111111111
152210120;Łochów;Liwiec (267148);52 30 36;21 40 42;;wołomiński;52.51;21.678333333333335
152210130;Nowe Kaczkowo;Brok (2671476);52 43 42;21 57 20;;ostrowski;52.72833333333333;21.955555555555556
152210140;JAGODNE;Kostrzyń (2671484);52 12 06;21 58 41;;siedlecki;52.20166666666667;21.978055555555553
152210150;Popowo;Bug (26714);52 31 41;21 10 32;;wyszkowski;52.528055555555554;21.175555555555558
152210170;WARSZAWA-BULWARY;Wisła (2);52 14 50;21 01 15;;warszawa;52.24722222222222;21.020833333333332
152210180;Pułtusk;Narew (26);52 42 10;21 05 36;;pułtuski;52.70277777777778;21.093333333333334
152219993;Różan;Narew (26);52 53 07;21 24 22;;makowski;52.88527777777778;21.40611111111111
152219996;Zielonka;Długa (267184);52 18 46;21 08 25;;wołomiński;52.312777777777775;21.140277777777776
152220010;Zaliwie-Piegawki;Liwiec (267148);52 15 11;22 05 41;;siedlecki;52.253055555555555;22.09472222222222
152220050;Frankopol;Bug (26714);52 24 54;22 33 39;;sokołowski;52.415;22.560833333333335
152220060;HRUSZEW;Toczna (2671458);52 19 14;22 43 13;;łosicki;52.32055555555556;22.720277777777778
152220070;Brańsk;Nurzec (267146);52 44 38;22 49 07;;bielski;52.74388888888889;22.81861111111111
152220080;SURAŻ;Narew (26);52 56 56;22 57 18;;białostocki;52.94888888888889;22.955
152220100;Kozarze;Nurzec (267146);52 40 11;22 28 35;;wysokomazowiecki;52.66972222222222;22.476388888888888
152229999;MAŁKINIA;Bug (26714);52 40 27;22 00 58;;ostrowski;52.674166666666665;22.016111111111112
152230010;Boćki;Nurzec (267146);52 39 06;23 02 17;;bielski;52.651666666666664;23.03805555555556
152230020;Porosiuki;Krzna (267144);52 01 12;23 03 31;;bialski;52.019999999999996;23.058611111111112
152230030;CHRABOŁY;Orlanka (2614);52 51 44;23 11 45;;bielski;52.86222222222222;23.195833333333333
152230040;PLOSKI;Narew (26);52 54 08;23 13 56;;białostocki;52.90222222222222;23.23222222222222
152230050;Perkowice;Zielawa (2671448);51 59 47;23 17 06;;bialski;51.99638888888889;23.285
152230060;TRZEŚCIANKA;Rudnia (26136);52 56 20;23 25 32;;hajnowski;52.93888888888888;23.425555555555558
152230070;Malowa Góra;Krzna (267144);52 06 13;23 28 03;;bialski;52.103611111111114;23.467499999999998
152230080;Krzyczew;Bug (26714);52 08 49;23 29 57;;bialski;52.14694444444444;23.499166666666667
152230090;NAREW;Narew (26);52 54 57;23 31 22;;hajnowski;52.91583333333333;23.522777777777776
152230100;NAREWKA;Narewka (2612);52 51 47;23 43 31;;hajnowski;52.863055555555555;23.725277777777777
152230110;BONDARY;Narew (26);52 56 25;23 44 56;;hajnowski;52.94027777777777;23.74888888888889
152230120;SIEMIANÓWKA;Narew (26);52 56 25;23 45 26;;hajnowski;52.94027777777777;23.75722222222222
152230190;BIAŁOWIEŻA-PARK;Narewka (2612);52 42 05;23 50 29;;hajnowski;52.70138888888889;23.841388888888886
152230200;ZABUŻE;Bug (26714);52 19 03;23 02 56;;siemiatycki;52.3175;23.04888888888889
153140010;Świnoujście;Morze Bałtyckie (0);53 54 30;14 15 52;;świnoujście;53.90833333333333;14.264444444444445
153140020;Widuchowa;Odra (1);53 07 21;14 22 55;;gryfiński;53.1225;14.381944444444445
153140030;Gryfino;Odra (1);53 15 25;14 29 04;;gryfiński;53.25694444444444;14.484444444444444
153140040;Trzebież;Zalew Szczeciński (319);53 39 33;14 31 08;;policki;53.659166666666664;14.51888888888889
153140050;Szczecin Most Długi;Odra (1);53 25 21;14 33 35;;szczecin;53.4225;14.559722222222224
153140060;Wolin;Cieśnina Dziwna (35);53 50 17;14 37 00;;kamieński;53.838055555555556;14.616666666666667
153140070;Dziwnów;Morze Bałtyckie (0);54 01 14;14 43 54;;kamieński;54.02055555555555;14.731666666666667
153140080;Widzieńsko;Gowienica (314);53 39 56;14 44 41;;goleniowski;53.66555555555556;14.74472222222222
153140090;Goleniów;Ina (198);53 33 47;14 49 37;;goleniowski;53.56305555555555;14.826944444444445
153140100;Żelewo;Płonia (197432);53 16 39;14 51 48;;gryfiński;53.277499999999996;14.863333333333333
153140110;Okunica;Płonia (197432);53 11 51;14 56 17;;pyrzycki;53.1975;14.938055555555556
153140190;Szczecin-Podjuchy;Regalica (1974);53 22 08;14 35 33;;szczecin;53.36888888888889;14.592500000000001
153140200;Morzyczyn;Jez. Miedwie (Płonia) (197432);53 21 05;14 54 59;;stargardzki;53.35138888888889;14.91638888888889
153150010;Stargard;Ina (198);53 21 01;15 02 27;;stargardzki;53.35027777777778;15.040833333333333
153150020;Morzyca;Mała Ina (1986);53 12 31;15 08 49;;stargardzki;53.20861111111111;15.146944444444443
153150030;Kulice;Sąpólna (4268);53 39 36;15 10 06;;goleniowski;53.66;15.168333333333333
153150040;Gogolewo;Krąpiel (1988);53 22 57;15 10 21;;stargardzki;53.3825;15.1725
153150050;Resko;Rega (42);53 46 22;15 23 43;;łobeski;53.772777777777776;15.395277777777777
153150080;Łobez;Rega (42);53 37 45;15 36 48;;łobeski;53.62916666666667;15.613333333333333
153150090;Gola Dolna;Rega (42);53 44 59;15 43 50;;świdwiński;53.749722222222225;15.730555555555556
153150100;Drawno;Drawa (1888);53 13 04;15 45 50;;choszczeński;53.217777777777776;15.76388888888889
153150120;Drawsko Pomorskie;Drawa (1888);53 31 37;15 48 39;;drawski;53.526944444444446;15.810833333333335
153150190;Mołstowo;Mołstowa (428);53 59 14;15 21 49;;gryficki;53.98722222222222;15.36361111111111
153160020;Tychówko;Parsęta (44);53 54 03;16 03 55;;białogardzki;53.90083333333333;16.06527777777778
153160030;Stare Drawsko;Drawa (1888);53 36 06;16 11 42;;drawski;53.60166666666667;16.195
153160070;Nadarzyce;Piława (18865994);53 27 57;16 29 45;;złotowski;53.465833333333336;16.495833333333334
153160080;Storkowo;Parsęta (44);53 46 45;16 29 42;;szczecinecki;53.77916666666667;16.495
153160110;Wiesiółka;Dobrzyca (188659948);53 16 18;16 36 44;;wałecki;53.27166666666667;16.612222222222222
153160160;Ujście 2;Noteć (188);53 03 18;16 43 17;;pilski;53.055;16.72138888888889
153160170;Ujście;Noteć (188);53 03 17;16 43 49;;pilski;53.05472222222222;16.730277777777776
153160180;Piła;Gwda (1886);53 09 05;16 44 23;;pilski;53.15138888888889;16.739722222222223
153160190;Zabrodzie;Piława (18865994);53 15 26;16 44 54;;pilski;53.257222222222225;16.748333333333335
153160200;Gwda Wielka;Gwda (1886);53 44 25;16 47 37;;szczecinecki;53.74027777777778;16.79361111111111
153160210;Ptusza;Gwda (1886);53 22 00;16 47 47;;złotowski;53.36666666666667;16.79638888888889
153160250;Okonek;Czarna (188654);53 31 29;16 50 06;;złotowski;53.52472222222222;16.834999999999997
153160260;Czarne;Czernica (18862);53 41 40;16 57 04;;człuchowski;53.69444444444444;16.95111111111111
153170010;Białośliwie;Noteć (188);53 04 25;17 07 29;;chodzieski;53.07361111111111;17.12472222222222
153170040;Wyrzysk;Łobżonka (1884);53 09 03;17 16 15;;pilski;53.15083333333333;17.270833333333332
153170050;Ciecholewy;Brda (292);53 48 52;17 24 39;;chojnicki;53.81444444444444;17.410833333333333
153170060;Swornegacie;Brda (292);53 51 35;17 29 54;;chojnicki;53.859722222222224;17.498333333333335
153170070;Swornegacie;Zbrzyca (292372);53 52 57;17 30 34;;chojnicki;53.8825;17.509444444444444
153170100;Nakło-Zachód;Noteć (188);53 07 25;17 33 44;;nakielski;53.12361111111111;17.56222222222222
153170110;Motyl;Sępolna (29274);53 25 41;17 49 36;;bydgoski;53.42805555555555;17.826666666666668
153170120;Tuchola;Brda (292);53 34 23;17 54 12;;tucholski;53.573055555555555;17.903333333333332
153170140;Smukała;Brda (292);53 11 17;17 57 47;;bydgoszcz;53.18805555555555;17.963055555555556
153179996;Chociński Młyn;Chocina (292332);53 49 53;17 26 54;;chojnicki;53.831388888888895;17.448333333333334
153180010;Czarna Woda;Wda (294);53 50 28;18 05 34;;starogardzki;53.84111111111111;18.092777777777776
153180020;FORDON;Wisła (2);53 08 48;18 10 12;;bydgoszcz;53.14666666666667;18.17
153180030;Bożepole Szlacheckie;Wierzyca (298);53 58 35;18 13 52;;kościerski;53.97638888888889;18.231111111111108
153180040;Tleń;Prusina (2946);53 37 12;18 15 28;;świecki;53.62;18.25777777777778
153180050;Błędno;Wda (294);53 42 06;18 20 50;;starogardzki;53.70166666666667;18.34722222222222
153180060;Krąplewice;Wda (294);53 29 22;18 22 51;;świecki;53.489444444444445;18.380833333333335
153180080;Chełmno;Wisła (2);53 21 47;18 24 54;;chełmiński;53.363055555555555;18.415
153180090;Toruń;Wisła (2);53 00 28;18 36 27;;toruń;53.007777777777775;18.6075
153180100;GRUDZIĄDZ;Wisła (2);53 29 06;18 44 43;;grudziądz;53.485;18.74527777777778
153180110;Brody Pomorskie;Wierzyca (298);53 51 30;18 45 37;;tczewski;53.858333333333334;18.760277777777777
153180120;Hel;Morze Bałtyckie (0);54 36 07;18 48 02;;pucki;54.60194444444445;18.800555555555555
153180130;Kwidzyn;Liwa (522);53 43 20;18 54 41;;kwidzyński;53.72222222222222;18.911388888888887
153180140;Elgiszewo;Drwęca (28);53 03 39;18 55 42;;golubsko-dobrzyński;53.06083333333333;18.928333333333335
153180150;Rogóżno 2;Osa (296);53 31 00;18 56 56;;grudziądzki;53.516666666666666;18.948888888888888
153190010;Świecie;Lutryna (2966);53 26 36;19 05 53;;grudziądzki;53.44333333333333;19.098055555555554
153190020;Lisnowo;Osa (296);53 26 55;19 08 08;;grudziądzki;53.448611111111106;19.135555555555555
153190030;Prabuty;Jez. Dzierzgoń (liwa) (522);53 46 45;19 11 59;;kwidzyński;53.77916666666667;19.199722222222224
153190040;Bągart;Elbląg (54);53 57 58;19 22 09;;elbląski;53.96611111111111;19.36916666666667
153190050;Brodnica;Drwęca (28);53 15 20;19 24 03;;brodnicki;53.25555555555555;19.40083333333333
153190080;Iława;Jez. Jeziorak (Iławka) (2856);53 35 52;19 33 23;;iławski;53.59777777777778;19.55638888888889
153190090;Nowe Miasto Lubawskie;Drwęca (28);53 25 20;19 35 24;;nowomiejski;53.42222222222222;19.59
153190100;Dziarny;Iławka (2856);53 34 14;19 36 53;;iławski;53.57055555555556;19.614722222222223
153190120;Rodzone;Drwęca (28);53 31 20;19 39 35;;iławski;53.52222222222222;19.65972222222222
153190130;Kuligi;Wel (286);53 25 46;19 41 27;;nowomiejski;53.42944444444444;19.690833333333334
153190140;Samborowo;Drwęca (28);53 40 10;19 48 21;;iławski;53.669444444444444;19.805833333333332
153190150;Lidzbark;Wel (286);53 16 00;19 49 07;;działdowski;53.266666666666666;19.81861111111111
153190170;Ostróda;Jez. Drwęckie (Drwęca) (28);53 42 10;19 57 34;;ostródzki;53.70277777777778;19.959444444444443
153190180;Bachotek;Skarlanka (2876);53 19 12;19 26 35;;brodnicki;53.32;19.443055555555556
153190190;TAMA BRODZKA;Skarlanka (2876);53 16 54;19 28 37;;brodnicki;53.281666666666666;19.47694444444444
153200010;Idzbark;Drwęca (28);53 40 20;20 02 02;;ostródzki;53.67222222222222;20.03388888888889
153200020;SZREŃSK;Mławka (2684);53 00 35;20 07 42;;mławski;53.00972222222222;20.128333333333334
153200030;Kalisty;Pasłęka (56);53 55 02;20 11 45;;olsztyński;53.91722222222222;20.195833333333333
153200040;Tomaryny;Pasłęka (56);53 44 10;20 12 24;;olsztyński;53.736111111111114;20.206666666666667
153200050;Sarnowo;Szkotówka (2682);53 16 08;20 14 47;;działdowski;53.26888888888889;20.24638888888889
153200070;OLSZTYN-KORTOWO;Łyna (584);53 45 23;20 28 18;;olsztyn;53.756388888888885;20.471666666666664
153200090;SZYPRY;Jez. Wadąg (Wadąg) (5844);53 50 08;20 34 25;;olsztyński;53.83555555555556;20.57361111111111
153200160;WIELBARK;Sawica (26542);53 24 06;20 56 39;;szczycieński;53.401666666666664;20.944166666666668
153210010;KRUKOWO;Omulew (2654);53 18 32;21 06 29;;ostrołęcki;53.30888888888889;21.108055555555556
153210020;KRASNOSIELC;Orzyc (2658);53 02 07;21 09 16;;makowski;53.03527777777778;21.154444444444444
153210040;MYSZYNIEC;Rozoga (2652);53 23 11;21 20 27;;ostrołęcki;53.38638888888889;21.340833333333332
153210050;SPYCHOWO;Krutynia (264326);53 36 31;21 20 48;;szczycieński;53.60861111111111;21.346666666666664
153210070;BIAŁOBRZEG BLIŻSZY;Omulew (2654);53 06 30;21 28 43;;ostrołęcki;53.108333333333334;21.47861111111111
153210090;OSTROŁĘKA;Narew (26);53 05 02;21 33 46;;ostrołęcki;53.08388888888889;21.56277777777778
153210120;WALERY;Rozoga (2652);53 08 50;21 37 10;;ostrołęcki;53.14722222222222;21.619444444444444
153210130;GŁODOWO;Jez. Śniardwy (Pisa) (264);53 43 34;21 39 20;;piski;53.726111111111116;21.655555555555555
153210140;SZKWA;Szkwa (26518);53 10 49;21 41 09;;ostrołęcki;53.180277777777775;21.685833333333335
153210170;PTAKI;Pisa (264);53 23 35;21 47 32;;kolneński;53.393055555555556;21.792222222222225
153210180;ZARUZIE;Ruż (26516);53 08 54;21 48 01;;łomżyński;53.14833333333333;21.80027777777778
153210190;PISZ;Pisa (264);53 37 28;21 48 23;;piski;53.62444444444444;21.80638888888889
153210200;MALDANIN;Jez. Roś (Pisa) (264);53 39 02;21 49 26;;piski;53.650555555555556;21.823888888888888
153210210;NOWOGRÓD;Narew (26);53 13 36;21 51 55;;łomżyński;53.22666666666667;21.86527777777778
153210220;DOBRYLAS;Pisa (264);53 17 09;21 51 53;;łomżyński;53.28583333333333;21.864722222222223
153220010;PIĄTNICA-ŁOMŻA;Narew (26);53 11 36;22 05 36;;łomża;53.19333333333333;22.093333333333334
153220050;EŁK;Jez. Ełckie (ełk) (2628);53 49 13;22 20 39;;ełcki;53.82027777777778;22.344166666666666
153220060;EŁK;Ełk (2628);53 49 54;22 23 00;;ełcki;53.83166666666667;22.383333333333333
153220070;WIZNA;Narew (26);53 12 03;22 24 29;;łomżyński;53.200833333333335;22.408055555555553
153220080;PROSTKI;Ełk (2628);53 42 02;22 26 21;;ełcki;53.70055555555556;22.439166666666665
153220090;CZACHY;Wissa (26296);53 22 41;22 26 46;;grajewski;53.378055555555555;22.44611111111111
153220100;BURZYN;Biebrza (262);53 16 27;22 27 33;;łomżyński;53.274166666666666;22.459166666666665
153220110;CHEŁCHY;Lega (2626);53 52 46;22 28 04;;ełcki;53.879444444444445;22.467777777777776
153220130;STRĘKOWA GÓRA;Narew (26);53 13 11;22 32 19;;białostocki;53.219722222222224;22.538611111111113
153220140;PRZECHODY;Ełk (2628);53 33 18;22 35 11;;grajewski;53.555;22.586388888888887
153220150;KUCZE;Lega (2626);53 46 56;22 35 49;;ełcki;53.782222222222224;22.596944444444443
153220160;OSOWIEC;Ełk (2628);53 29 12;22 37 36;;moniecki;53.486666666666665;22.62666666666667
153220170;OSOWIEC;Biebrza (262);53 28 59;22 38 19;;moniecki;53.48305555555556;22.63861111111111
153220180;ZAWADY;Ślina (26196);53 09 25;22 40 25;;białostocki;53.15694444444444;22.67361111111111
153220190;RAJGRÓD;Jez. Rajgrodzkie (Lega) (2626);53 43 58;22 41 59;;grajewski;53.73277777777778;22.699722222222224
153220200;RAJGRÓD;Lega (2626);53 43 50;22 42 06;;grajewski;53.730555555555554;22.701666666666664
153220220;WOŹNAWIEŚ;Lega (2626);53 41 01;22 44 58;;grajewski;53.683611111111105;22.749444444444446
153220230;KULESZE-CHOBOTKI;Nereśl (2618);53 14 30;22 45 53;;moniecki;53.24166666666667;22.764722222222222
153220240;RACZKI;Netta (2622);53 59 27;22 47 10;;suwalski;53.990833333333335;22.78611111111111
153220250;DOLISTOWO STARE;Biebrza (262);53 33 12;22 54 25;;moniecki;53.55333333333333;22.90694444444444
153220260;DĘBOWO;Biebrza (262);53 36 35;22 55 49;;augustowski;53.609722222222224;22.93027777777778
153220270;BABINO;Narew (26);53 09 15;22 56 33;;białostocki;53.15416666666667;22.9425
153220280;BIAŁOBRZEGI;Netta (2622);53 48 15;22 57 59;;augustowski;53.80416666666667;22.96638888888889
153220290;SZCZEBRA;Blizna (26224);53 54 22;22 58 31;;augustowski;53.90611111111111;22.975277777777777
153220310;CZARNA WIEŚ;Kanał Kuwasy (262898);53 42 40;22 38 22;;grajewski;53.711111111111116;22.639444444444443
153230010;FASTY;Supraśl (2616);53 10 43;23 01 36;;białostocki;53.17861111111111;23.026666666666667
153230020;KARPOWICZE;Brzozówka (2624);53 35 07;23 02 36;;sokólski;53.58527777777778;23.043333333333337
153230060;ZAWADY;Biała (26168);53 09 37;23 06 24;;białystok;53.16027777777778;23.10666666666667
153230070;SZTABIN;Biebrza (262);53 40 19;23 06 59;;augustowski;53.67194444444444;23.116388888888892
153230080;SOCHONIE;Czarna (26166);53 13 01;23 10 50;;białostocki;53.216944444444444;23.180555555555557
153230110;SUPRAŚL;Supraśl (2616);53 12 45;23 20 18;;białostocki;53.212500000000006;23.33833333333333
153230120;JAŁOWY RÓG;Czarna Hańcza (64);53 54 00;23 24 21;;augustowski;53.9;23.40583333333333
153230130;HARASIMOWICZE;Sidra (26214);53 39 45;23 26 56;;sokólski;53.6625;23.448888888888888
153230140;SOKOŁDA;Sokołda (26162);53 14 50;23 28 35;;białostocki;53.24722222222222;23.476388888888888
153230160;Gródek;Supraśl (2616);53 05 42;23 40 18;;białostocki;53.095;23.671666666666667
153230170;NOWOSIÓŁKI;Supraśl (2616);53 10 24;23 31 48;;białostocki;53.17333333333333;23.529999999999998
154150010;Trzebiatów;Rega (42);54 03 49;15 15 39;;gryficki;54.06361111111111;15.260833333333334
154150030;Kołobrzeg;Morze Bałtyckie (0);54 11 12;15 33 12;;kołobrzeski;54.18666666666666;15.553333333333335
154150040;Bardy;Parsęta (44);54 05 30;15 42 50;;kołobrzeski;54.09166666666667;15.713888888888889
154150050;Białogard;Parsęta (44);54 00 11;15 58 35;;białogardzki;54.003055555555555;15.97638888888889
154150060;Rościęcino;Parsęta (44);54 06 55;15 36 26;;kołobrzeski;54.11527777777778;15.607222222222221
154150070;Karlino;Parsęta (44);54 02 20;15 52 10;;białogardzki;54.038888888888884;15.869444444444445
154160020;Białogórzyno;Radew (448);54 03 45;16 07 00;;koszaliński;54.0625;16.116666666666667
154160030;Koszalin;Dzierżęcinka (45614);54 11 08;16 11 20;;koszalin;54.18555555555555;16.18888888888889
154160060;Grabowo;Grabowa (468);54 17 54;16 26 15;;sławieński;54.29833333333333;16.4375
154160070;Stary Kraków;Wieprza (46);54 26 32;16 36 23;;sławieński;54.44222222222222;16.60638888888889
154160080;Cybulino;Radew (448);54 02 25;16 37 04;;koszaliński;54.040277777777774;16.61777777777778
154160090;Krąg;Grabowa (468);54 14 34;16 43 23;;sławieński;54.24277777777778;16.723055555555554
154160100;Pieszcz;Moszczeniczka (4672);54 27 26;16 46 11;;sławieński;54.45722222222223;16.76972222222222
154160110;Ustka;Morze Bałtyckie (0);54 35 17;16 51 14;;słupski;54.588055555555556;16.85388888888889
154160120;Korzybie;Wieprza (46);54 16 50;16 52 42;;słupski;54.28055555555555;16.878333333333334
154160130;Ciecholub;Studnica (464);54 09 57;16 54 07;;słupski;54.16583333333333;16.901944444444442
154160140;Charnowo;Słupia (472);54 32 46;16 55 39;;słupski;54.54611111111111;16.927500000000002
154160150;Darłowo;Morze Bałtyckie (0);54 26 21;16 22 49;;sławieński;54.439166666666665;16.380277777777778
154160160;Zielnowo;Wieprza (46);54 26 31;16 28 32;;sławieński;54.44194444444444;16.475555555555555
154169997;Sławno;Wieprza (46);54 21 57;16 41 18;;sławieński;54.365833333333335;16.688333333333333
154170010;Słupsk;Słupia (472);54 28 12;17 01 52;;słupsk;54.47;17.03111111111111
154170020;Krępa;Glaźna (4728);54 25 07;17 02 57;;słupski;54.41861111111111;17.049166666666668
154170030;Skarszów Dolny;Skotawa (4726);54 21 54;17 07 07;;słupski;54.365;17.11861111111111
154170040;Kwisno;Wieprza (46);54 05 06;17 07 49;;bytowski;54.085;17.130277777777778
154170060;Smołdzino;Łupawa (474);54 39 42;17 12 53;;słupski;54.66166666666666;17.21472222222222
154170070;Gałążnia Mała;Słupia (472);54 17 18;17 18 06;;bytowski;54.288333333333334;17.301666666666666
154170080;Łupawa;Łupawa (474);54 25 10;17 24 56;;słupski;54.419444444444444;17.415555555555553
154170090;Izbica;Jez. Łebsko (Łeba) (476);54 40 52;17 25 41;;słupski;54.68111111111111;17.428055555555556
154170100;Łeba;Morze Bałtyckie (0);54 45 48;17 33 02;;lęborski;54.763333333333335;17.550555555555555
154170110;Cecenowo;Łeba (476);54 39 16;17 33 51;;słupski;54.654444444444444;17.56416666666667
154170120;Soszyca;Słupia (472);54 15 00;17 34 47;;bytowski;54.25;17.579722222222223
154170130;Pogorzelice;Pogorzelica (4764);54 29 18;17 35 43;;lęborski;54.48833333333334;17.595277777777778
154170150;Zawiaty;Łupawa (474);54 19 57;17 37 13;;bytowski;54.3325;17.62027777777778
154170160;Lębork;Łeba (476);54 32 31;17 44 50;;lęborski;54.54194444444444;17.747222222222224
154170180;Wawrzynowo;Wda (294);54 02 44;17 53 51;;kościerski;54.04555555555555;17.8975
154170190;Borucino;Jez. Raduńskie Górne (Radunia) (4868);54 15 12;17 59 29;;kartuski;54.25333333333333;17.99138888888889
154170230;Obrowo;Łupawa (474);54 15 46;17 35 57;;bytowski;54.26277777777778;17.599166666666665
154170240;Borucino;Borucinka (48681152);54 15 20;17 58 48;;kartuski;54.25555555555555;17.979999999999997
154170320;Głuszynko;Darżyńska Struga (47436);54 29 35;17 27 11;;słupski;54.49305555555556;17.453055555555554
154170330;Łebsko;Morze Bałtyckie (0);54 45 11;17 32 12;;lęborski;54.753055555555555;17.53666666666667
154170340;Żelkówko;Słupia (472);54 21 37;17 05 05;;słupski;54.36027777777778;17.084722222222222
154179991;Stężyca;Radunia (4868);54 12 24;17 57 16;;kartuski;54.20666666666667;17.954444444444444
154179998;Damno;Łupawa (474);54 31 45;17 19 34;;słupski;54.52916666666667;17.32611111111111
154180010;Sarnowy;Wierzyca (298);54 04 22;18 00 58;;kościerski;54.07277777777778;18.016111111111112
154180020;Miłoszewo;Łeba (476);54 26 24;18 01 46;;wejherowski;54.44;18.029444444444444
154180030;Zamostne;Reda (478);54 39 01;18 06 12;;wejherowski;54.650277777777774;18.103333333333335
154180040;Ostrzyce;Jez. Ostrzyckie (Radunia) (4868);54 15 23;18 06 41;;kartuski;54.256388888888885;18.11138888888889
154180050;Warszkowski Młyn;Piaśnica (4772);54 41 30;18 09 11;;wejherowski;54.69166666666666;18.153055555555554
154180060;Goręczyno;Radunia (4868);54 15 49;18 09 53;;kartuski;54.26361111111111;18.16472222222222
154180070;Bolszewo;Bolszewka (4784);54 36 39;18 10 00;;wejherowski;54.61083333333333;18.166666666666668
154180080;Wejherowo;Reda (478);54 36 48;18 13 30;;wejherowski;54.61333333333334;18.224999999999998
154180090;Puck;Morze Bałtyckie (0);54 43 21;18 24 39;;pucki;54.722500000000004;18.410833333333333
154180100;Władysławowo;Morze Bałtyckie (0);54 47 48;18 25 07;;pucki;54.79666666666667;18.41861111111111
154180110;Zapowiednik;Wierzyca (298);54 02 19;18 28 10;;starogardzki;54.03861111111111;18.46944444444444
154180120;Gdynia;Morze Bałtyckie (0);54 31 04;18 33 19;;gdynia;54.51777777777777;18.55527777777778
154180140;Gdańsk;Morze Bałtyckie (0);54 23 59;18 41 53;;gdańsk;54.39972222222222;18.698055555555555
154180150;Tczew;Wisła (2);54 05 14;18 48 20;;tczewski;54.08722222222222;18.805555555555557
154180160;Gdańsk Sobieszewo;Martwa Wisła (48);54 20 47;18 48 55;;gdańsk;54.34638888888889;18.81527777777778
154180170;Wiślina;Motława (486);54 18 27;18 43 31;;gdański;54.3075;18.725277777777777
154180180;Suchy Dąb;Bielawa (4864);54 13 53;18 43 55;;gdański;54.231388888888894;18.731944444444444
154180190;Gdańsk Przegalina;Wisła (2);54 18 38;18 55 45;;gdańsk;54.31055555555555;18.929166666666667
154180200;Gdańsk Świbno;Wisła (2);54 20 11;18 56 08;;gdańsk;54.33638888888889;18.935555555555556
154180210;Gdańsk Ujście Wisły;Wisła (2);54 21 10;18 56 35;;gdańsk;54.35277777777778;18.943055555555556
154180220;Gdańska Głowa;Wisła (2);54 16 01;18 57 05;;nowodworski;54.26694444444444;18.95138888888889
154180230;Borucino;Radunia (4868);54 15 10;17 59 46;;kartuski;54.25277777777778;17.996111111111112
154180260;Pruszcz Gdański;Kanał Raduński (48696);54 15 12;18 37 48;;gdański;54.25333333333333;18.63
154180270;Pruszcz Gdański;Radunia (4868);54 15 00;18 37 49;;gdański;54.25;18.630277777777778
154180280;Dębki;Morze Bałtyckie (0);54 49 53;18 03 45;;pucki;54.831388888888895;18.0625
154180290;Reda-Cedron;Reda (478);54 36 35;18 16 09;;wejherowski;54.609722222222224;18.269166666666667
154180300;Skarszewy;Wietcisa (2984);54 03 24;18 25 45;;starogardzki;54.056666666666665;18.429166666666667
154190010;Nowy Dwór Gdański;Tuja (5146);54 12 52;19 06 47;;nowodworski;54.214444444444446;19.113055555555558
154190020;Tujsk;Szkarpawa (514);54 17 03;19 08 18;;nowodworski;54.284166666666664;19.138333333333332
154190030;Osłonka;Zalew Wiślany (5119);54 15 54;19 14 41;;nowodworski;54.265;19.244722222222222
154190040;Nowotki;Nogat (52);54 15 09;19 18 00;;elbląski;54.2525;19.3
154190050;Nowakowo;Zalew Wiślany (5119);54 13 50;19 21 47;;elbląski;54.230555555555554;19.363055555555558
154190060;Elbląg;Elbląg (54);54 10 19;19 23 16;;elbląg;54.17194444444444;19.387777777777778
154190070;Krynica Morska;Zalew Wiślany (5119);54 22 43;19 26 43;;nowodworski;54.37861111111111;19.44527777777778
154190080;Żukowo;Jez.Druzno (5459999);54 06 10;19 27 03;;elbląski;54.10277777777778;19.450833333333332
154190090;Tolkmicko;Zalew Wiślany (5119);54 19 24;19 31 23;;elbląski;54.32333333333334;19.523055555555555
154190100;Pasłęk;Wąska (5456);54 04 14;19 39 36;;elbląski;54.07055555555556;19.66
154190110;Nowe Sadłuki;Bauda (558);54 15 37;19 42 42;;elbląski;54.26027777777778;19.711666666666666
154190130;Nowa Pasłęka;Zalew Wiślany (5119);54 25 33;19 44 46;;braniewski;54.42583333333333;19.746111111111112
154190140;Braniewo;Pasłęka (56);54 23 03;19 49 35;;braniewski;54.384166666666665;19.82638888888889
154190150;Pierzchały 2;Pasłęka (56);54 18 02;19 50 56;;braniewski;54.300555555555555;19.848888888888887
154190160;Pierzchały;Pasłęka (56);54 18 03;19 50 56;;braniewski;54.30083333333333;19.848888888888887
154190170;Łozy;Pasłęka (56);54 11 41;19 57 03;;braniewski;54.19472222222222;19.950833333333332
154190180;NOWY ŚWIAT- UJŚCIE;Morze Bałtyckie (0);54 21 50;19 18 40;;nowodworski;54.36388888888889;19.311111111111114
154200010;Bornity;Wałsza (568);54 11 09;20 02 52;;braniewski;54.18583333333333;20.047777777777778
154200020;Krosno;Drwęca Warmińska (566);54 07 51;20 10 22;;lidzbarski;54.130833333333335;20.172777777777778
154200030;SMOLAJNY;Łyna (584);54 01 33;20 23 49;;olsztyński;54.02583333333333;20.396944444444443
154200040;PIASECZNO;Elma (58474);54 13 10;20 33 01;;bartoszycki;54.21944444444445;20.55027777777778
154209999;Olkowo;Pasłęka (56);54 06 21;20 02 18;;lidzbarski;54.10583333333334;20.038333333333334
154210010;SĘPOPOL;Łyna (584);54 15 58;21 00 21;;bartoszycki;54.26611111111111;21.00583333333333
154210020;PROSNA;Guber (5848);54 14 01;21 05 12;;kętrzyński;54.23361111111111;21.086666666666666
154210030;BYKOWO;Sajna (58488);54 13 14;21 06 38;;kętrzyński;54.220555555555556;21.110555555555557
154210060;PRZYSTAŃ;Jez. Mamry (Węgorapa) (582);54 11 27;21 39 01;;węgorzewski;54.19083333333333;21.650277777777777
154210070;WĘGORZEWO;Węgorapa (582);54 13 36;21 43 51;;węgorzewski;54.22666666666667;21.730833333333333
154210080;PRYNOWO;Węgorapa (582);54 14 39;21 43 12;;węgorzewski;54.244166666666665;21.72
154210090;GIŻYCKO;Pisa (264);54 02 08;21 45 40;;giżycki;54.035555555555554;21.761111111111113
154210100;MIEDUNISZKI;Węgorapa (582);54 19 35;21 58 48;;gołdapski;54.32638888888889;21.979999999999997
154210110;Smokowo;Dejna (58482);54 03 58;21 19 25;;kętrzyński;54.066111111111105;21.32361111111111
154220010;BANIE MAZURSKIE;Gołdapa (5824);54 14 52;22 01 47;;gołdapski;54.24777777777778;22.029722222222222
154220030;MAŁE WRONKI;Ełk (2628);54 01 18;22 13 19;;olecki;54.02166666666667;22.221944444444443
154220050;JURKISZKI;Gołdapa (5824);54 18 33;22 22 05;;gołdapski;54.30916666666666;22.368055555555557
154220070;WÓLKA;Jez. Rospuda Filipowska (Netta) (2622);54 12 14;22 37 00;;suwalski;54.20388888888889;22.616666666666667
154220090;BRÓD STARY;Czarna Hańcza (64);54 08 04;22 52 50;;suwalski;54.13444444444444;22.880555555555556
154220100;KLESZCZÓWEK;Szeszupa (68);54 16 15;22 54 38;;suwalski;54.270833333333336;22.910555555555554
154220110;GOŁDAP 2;Gołdapa (5824);54 18 46;22 18 43;;gołdapski;54.312777777777775;22.311944444444446
154230010;POSZESZUPIE;Szeszupa (68);54 20 40;23 01 15;;suwalski;54.34444444444445;23.020833333333332
154230030;CZERWONY FOLWARK;Czarna Hańcza (64);54 04 11;23 07 02;;suwalski;54.069722222222225;23.11722222222222
154230040;ZELWA;Marycha (648);54 01 37;23 27 31;;sejneński;54.026944444444446;23.45861111111111
